1403636724028555520,1.38632980938565397721618,-0.2261670593319007049881719,0.2410601833066106369773962,0.02685395068786422881346176,0.8152784627879565704233755,-0.03559335707241217255925037,0.577349986035023632346963,0,-0,0,0,0,0,0,0,0
1403636723728555520,1.550185862728489238904217,-0.3582271236065519559588211,0.2078482748690254067192029,0.02851662021064593766084272,0.8158088444937576788618117,-0.03137591141857985765906136,0.5767653628563429446529653,0,-0,0,0,0,0,0,0,0
1403636723428555520,1.717638149329398844500361,-0.4776628245105564718464564,0.2117240200792993021217114,0.02244270635210087946886937,0.8161740870674305536880411,-0.03642904745887737966159037,0.5762196708135522982274779,0,0,0,0,0,0,0,0,0
1403636723128555520,1.888338168385529369786013,-0.6023652423905063724163256,0.2436134752016528570717213,0.02101997735226386262996634,0.8152734946417460326628657,-0.03698864170322704869597885,0.5775111512964017368432224,0,0,0,0,0,0,0,0,0
1403636722928555520,2.009013277236058936381369,-0.6911119188983696481898278,0.2449393924925551413451785,0.01950576534974239259478956,0.8128049485482330416274976,-0.03713380909831606041526797,0.5810238557541979043108427,0,0,0,0,0,0,0,0,0
1403636722728555520,2.13431214242256794832997,-0.7827523573713924820438592,0.2207639149632722730398626,0.01985207773327779881555877,0.8135480621024985259381879,-0.03504529534832167420033144,0.5801010885465484046008555,0,0,0,0,0,0,0,0,0
1403636722528555520,2.257954617086928017499758,-0.8789829228134764527169409,0.1797266644136144286836299,0.0195233152279620861269116,0.8089864999200960804515148,-0.03291058543756691934234482,0.5865804092157347326974559,0,0,0,0,0,0,0,0,0
1403636722228555520,2.427094881386284264124242,-1.026626157089014945711369,0.1576284084284020892141598,0.02373431967978540876873517,0.8081892034142595937495912,-0.02873229054512123695208636,0.5877425873917877519048147,0,0,0,0,0,0,0,0,0
1403636721928555520,2.573025294528624495882241,-1.172930189417489055259125,0.1271126755244074979511737,0.02434615788104037281680547,0.8085573750435306461525897,-0.02606484843517233723764193,0.5873353893093776756373359,0,0,0,0,0,0,0,0,0
1403636721628555520,2.709344124837608003275591,-1.311357972878832267582538,0.1045728115153346515775468,0.02590506413373607624839323,0.8099408732683167633226162,-0.02431331130986021452078383,0.5854345158553033723336512,0,0,0,0,0,0,0,0,0
1403636721328555520,2.833335215333018020089639,-1.437993087240126977022214,0.08383545451602113229849778,0.02732594857915471991960388,0.8089631068403666525057361,-0.02350233490609622208356022,0.5867534614805375303703272,0,0,0,0,0,0,0,0,0
1403636720928555520,2.980681453942931380396431,-1.582031016909643206247438,0.09530023911746143827627975,0.02024207371351865666908587,0.8061365088788247090789696,-0.02838968036803249730959386,0.590701458905459331205634,0,0,0,0,0,0,0,0,0
1403636720528555520,3.083741490426104459032786,-1.711999487861090685214549,0.1016617761896621008332886,0.02535111793386253878357373,0.8109439414098535969799286,-0.02273932044713032965543853,0.584131978251283601188959,0,0,0,0,0,0,0,0,0
1403636720128555520,3.169095168774080040208219,-1.816418782066819170850636,0.03232136000746817922069098,0.02704192272898488930144012,0.806682947123565585734184,-0.01945754864291687064037362,0.5900447110482107682116748,0,0,0,0,0,0,0,0,0
1403636719728555520,3.22306045305502175679635,-1.88064453015820176595696,-0.1213014400211929050277249,0.01161605201792534347582375,0.8211188190627071170624163,-0.02746519692692923550469963,0.5699777322618376773633031,0,0,0,0,0,0,0,0,0
1403636719328555520,3.294329533643668206366328,-1.960022571832719329165684,-0.2318717536771037757148406,0.009826649777254321468933362,0.8244852670560816054745601,-0.0228869894321833619588169,0.5653350042906842842782567,0,0,0,0,0,0,0,0,0
1403636719028555520,3.381582393177752887680754,-2.018842029694807305162385,-0.3499906800086049485365436,0.008947497464004795092451516,0.8256838946048745686567827,-0.01543551050141096607493107,0.5638508610393522246795328,0,0,0,0,0,0,0,0,0
1403636718728555520,3.521321648866312603587403,-2.089172349246911419839989,-0.4132992084020077339090449,0.002261610813206024923893711,0.8240100456264070061251914,-0.0127595903592346501809196,0.5664269791218995431236749,0,0,0,0,0,0,0,0,0
1403636718428555520,3.696840444273858938828425,-2.166258313561558512816418,-0.4029184491755764541132123,0.006230358702767258526067362,0.822843738190522921982506,-0.02203380056715839238612453,0.567806196499869186844478,0,0,0,0,0,0,0,0,0
1403636718228555520,3.83535683718015141252522,-2.224997285895060628035935,-0.3747010516462557783157195,0.02207407736721115135147819,0.8205809972047957145946384,-0.04491851668900134070261387,0.5693346019637568478088951,0,0,0,0,0,0,0,0,0
1403636718028555520,3.994659068221957820554735,-2.293037744665014088241151,-0.3650645003652669418059418,0.05069174278762808572018628,0.8163156287473660732700864,-0.08264633709657470683751512,0.5694108573257669059231034,0,0,0,0,0,0,0,0,0
1403636717828555520,4.162872977107530125806534,-2.363368434437033371864345,-0.3850899107096261708704787,0.07873217365685421242904596,0.8101025114650692859896708,-0.1188971066701932366438399,0.5686814958961746713228536,0,0,0,0,0,0,0,0,0
1403636717628555520,4.328819240479422347789296,-2.425874494450246832144558,-0.4485619940603615685148498,0.09571355315007858133302676,0.8039689220316149631528901,-0.1480016697509991541181762,0.5679510488603980444821673,0,0,0,0,0,0,0,0,0
1403636717428555520,4.504447187212193171035324,-2.490732813437668280442949,-0.4979837449690125983359223,0.1023178149292274380366408,0.8009891821781791598766631,-0.1618796931706734665290526,0.5672233772691397390985912,0,0,0,0,0,0,0,0,0
1403636717228555520,4.690116783442405790083285,-2.561055733471966355807581,-0.5155140827537503245281414,0.09311985857404647681789811,0.7989772812574272853325397,-0.168854720060151508587154,0.5696069517544947169440661,0,0,0,0,0,0,0,0,0
1403636717028555520,4.879785888876425836713224,-2.644049830598586225960389,-0.5320930522716109667413775,0.0915924703356654212882404,0.7960146020722472792741087,-0.1686173751411926824417264,0.5740555316918968253858679,0,0,0,0,0,0,0,0,0
1403636716828555520,5.067122659840463505531716,-2.738169575858016902003556,-0.571527496668425727399665,0.1036865879250425809265934,0.7949506499464302766710944,-0.1592384692393156442324909,0.5761472602976865919899296,0,0,0,0,0,0,0,0,0
1403636716628555520,5.258352169853510282848674,-2.833632707243272985664362,-0.6307217914156767468725207,0.107009986258193523500637,0.7931314970452388868338289,-0.1578144692862913367470412,0.5784339932262675398888518,0,0,0,0,0,0,0,0,0
1403636716428555520,5.442906086877315807726063,-2.926659758610391293132125,-0.6709520239528471430290324,0.1062802300541705047276508,0.7859289450011672784057737,-0.1614828633770129806546123,0.5873189005510939253440483,0,0,0,0,0,0,0,0,0
1403636716228555520,5.614411501110187607821445,-3.016613034087358702350912,-0.6850062668841048196810561,0.0967719010472533613942403,0.7898953673130945096758637,-0.1703816714234048235176999,0.5810943072410700294128105,0,0,0,0,0,0,0,0,0
1403636716028555520,5.777094030017453363257118,-3.115560991869861684477883,-0.6957654171310482249523943,0.0896232748861419126207295,0.7946851957620070239229904,-0.1747845834500094674979209,0.5743635239320046270705689,0,0,0,0,0,0,0,0,0
1403636715828555520,5.935400042500596384797973,-3.227158521428863835467382,-0.719424379286868753702322,0.1064607078407097534578085,0.7874870894015666422660615,-0.1608178891081466777013276,0.5853783462468561404890011,0,0,0,0,0,0,0,0,0
1403636715628555520,6.084878541161018006278027,-3.337149156611879163847334,-0.719244778371632254021506,0.1176706725107775075578331,0.778984724682953322272283,-0.1512979578686142467791598,0.5970304343048786765990599,0,0,0,0,0,0,0,0,0
1403636715328555520,6.269927777273730740148494,-3.473135660775635624730739,-0.7016621295506153543897199,0.1156521170170926454678906,0.785407771915891617098282,-0.1529948420556128119152106,0.5885166080476896821593868,0,0,0,0,0,0,0,0,0
1403636715028555520,6.427585704801512811457087,-3.59022803314947980268812,-0.7180006069000101076582609,0.1141989147326579329133622,0.7971015678380959368354297,-0.1665729750523495256153694,0.5690704195494102890506838,0,0,0,0,0,0,0,0,0
1403636714728555520,6.581366852992624139062627,-3.707194943293339761680727,-0.7775092024380598765276318,0.1329865844799150986776937,0.7866278445506141858700744,-0.1980247743035898067009981,0.5694887104131507449267247,0,0,0,0,0,0,0,0,0
1403636714428555520,6.733204045748321320274954,-3.820892466491558892016656,-0.84025024843896256587783,0.1660148540122235172322718,0.7749693981761032191002414,-0.2442785527673731471587359,0.5587391956859176778138476,0,0,0,0,0,0,0,0,0
1403636714128555520,6.889906236237218095652679,-3.923389096126212560733393,-0.847854213579695814573256,0.1843845466884840300636483,0.77951183182989869369095,-0.2536121392243244621056419,0.5422587259028109896163983,0,0,0,0,0,0,0,0,0
1403636713828555520,7.06949460218673486622265,-4.019534917041178267993473,-0.874128486723551811898858,0.1776010426090171290258724,0.7810926731940701639445024,-0.252320671691480924447859,0.5428502410277545875416649,0,0,0,0,0,0,0,0,0
1403636713628555520,7.20606853442006478616122,-4.081656529942349287409797,-0.8955148016341893946190567,0.1742864950330854645343948,0.7790333819142147842029544,-0.250000565673695163138035,0.547933321376986470774284,0,0,0,0,0,0,0,0,0
1403636713428555520,7.344995223270005091364965,-4.136718697278811696094181,-0.8922880918357209978353239,0.1721439275177836791819175,0.774077147660445441523791,-0.2468268459754968946473497,0.5569986946074554357011266,0,0,0,0,0,0,0,0,0
1403636713228555520,7.492044919434570182659172,-4.190566658484377704496637,-0.9010341443422313911781885,0.1619105458973677247325185,0.7781405551906193096556308,-0.2502217385031617058466225,0.5528755131811377010464525,0,0,0,0,0,0,0,0,0
1403636713028555520,7.640494950212501024111589,-4.256353683635321516476324,-0.9357482451106119425432439,0.1497623280518472488331838,0.7799000114786620585505261,-0.2529444526638143786456681,0.5525815062582869474638869,0,0,0,0,0,0,0,0,0
1403636712828555520,7.791222749702279237737912,-4.33660264443358389740979,-0.9947936880029706330219597,0.1570960206523287494562169,0.7822947338218547708166284,-0.2414314639571294995867845,0.5523102732534621583937451,0,0,0,0,0,0,0,0,0
1403636712628555520,7.939956963641206399984185,-4.418547433462352458377609,-1.038921417954361325897139,0.165157455695965627029409,0.7846392952036493895207059,-0.231012747330158779712761,0.5510873812938631433056003,0,0,0,0,0,0,0,0,0
1403636712428555520,8.098503072570055749679341,-4.503157574226672288375539,-1.04943181659885609313676,0.1638824179917091061753354,0.7838528611545170221575063,-0.2286581073703551625353469,0.5535636504205052599303372,0,0,0,0,0,0,0,0,0
1403636712228555520,8.269943375006784336278542,-4.585191836955588406965489,-1.029066416204531320133242,0.1628845375046429622134525,0.7833825966666989604192395,-0.2276906627489004852904486,0.5549209824638144938901974,0,0,0,0,0,0,0,0,0
1403636712028555520,8.448886988681941545564769,-4.661865854768779016126246,-1.008166394099255125382797,0.1615596785728788120639621,0.7837200013344498561451701,-0.2289253035852760742585588,0.5543235834295230368695684,0,0,0,0,0,0,0,0,0
1403636711828555520,8.635100441177421259908442,-4.740776037775175311139719,-1.00575875896269417708595,0.1624725728884928166451118,0.7820577706148340579872524,-0.230778596492173498910816,0.5556343634811041765075856,0,0,0,0,0,0,0,0,0
1403636711628555520,8.828038443236119192647493,-4.81737463561243561827041,-1.029979604993655595279733,0.1647700743867171746526168,0.7780685646526480647722224,-0.2326515987404679242089856,0.5597618823119953068712107,0,0,0,0,0,0,0,0,0
1403636711428555520,9.025528246461517412058129,-4.89014634596037023328563,-1.076856620746545534217375,0.1680587784749734692191225,0.7717255126812968546445859,-0.233795164793313831053112,0.5670412691978922170576993,0,0,0,0,0,0,0,0,0
1403636711228555520,9.215482763490344453316538,-4.951931852947163648082096,-1.109705752607433426604189,0.1663496262617751297874236,0.7684121865166230191945829,-0.23630230343489716515748,0.5709918868483790932444322,0,0,0,0,0,0,0,0,0
1403636711028555520,9.403198621364134979216942,-5.009660145589870161586532,-1.122553379480835333836808,0.1652302447559675646626687,0.7773378533357273578729973,-0.2375114456617339331323535,0.5585992670680473004551914,0,0,0,0,0,0,0,0,0
1403636710828555520,9.588650307980739029289907,-5.061792050247115426486744,-1.144769756312862041269796,0.163874398588616076999358,0.7775232608888132945779148,-0.2385157862511644022429635,0.5583126184970521599382209,0,0,0,0,0,0,0,0,0
1403636710628555520,9.775577840097083637260766,-5.110677984934494766378066,-1.186587176619325445514619,0.1565481798423304649059418,0.77052640784659376382848,-0.2423699165373940644929718,0.5683647998924061806036434,0,0,0,0,0,0,0,0,0
1403636710428555520,9.949694750028914569384142,-5.159681682137605918114787,-1.21161165859838715341823,0.1482526308458943231638472,0.7527826268046572399939009,-0.24453634318131250990902,0.5929093110180193582081642,0,0,0,0,0,0,0,0,0
1403636710128555520,10.15022221027892257438907,-5.238646800122891633577638,-1.216160670190915560340272,0.1427532360061367633363716,0.7482620257705437927242542,-0.2448087226773764946141654,0.5998284285532070603252919,0,0,0,0,0,0,0,0,0
1403636709728555520,10.27257298323488399205416,-5.355804957679004552062452,-1.277288208989014295369202,0.1428890215260359697335701,0.7562203454285285619818069,-0.2446995368899183564970201,0.5897759348542024326889077,0,0,0,0,0,0,0,0,0
1403636709328555520,10.25893207450314470463582,-5.49433414838501832377915,-1.337435765179270541480605,0.1407085265030522114315659,0.7730125155199812914119661,-0.2449479034055014881055001,0.568025779376305828272109,0,0,0,0,0,0,0,0,0
1403636709028555520,10.18906130035592383364929,-5.626369242765481004653338,-1.38554468184314671930224,0.1646465414673795590871919,0.7673566349205819259182704,-0.2301987114450226579176473,0.5753814947278392821772286,0,0,0,0,0,0,0,0,0
1403636708728555520,10.0743765206527129407732,-5.742044742036187976452766,-1.411371710202902196584773,0.172490938784215175338943,0.7670106183085233508833767,-0.234276336453384109725917,0.5718882632274401300875866,0,0,0,0,0,0,0,0,0
1403636708428555520,9.925044685834842894678332,-5.823999559921312574317653,-1.445054257704439182319334,0.1688702273848078638796011,0.772481076959727452901916,-0.2463207617741674515521311,0.5604301155015998237018948,0,0,0,0,0,0,0,0,0
1403636708128555520,9.755335743517012048187098,-5.896323949550707155253804,-1.527393273783690386125045,0.1589458095897789968731217,0.7757846953822925550880996,-0.2477716987420061911517877,0.5581250051081331209346104,0,0,0,0,0,0,0,0,0
1403636707828555520,9.558320058827401766166076,-5.976988429084668652535584,-1.579921427304540326730375,0.1629883800514062841546803,0.7789190349472555618959291,-0.244491504197290154820621,0.5540251161638801713493763,0,0,0,0,0,0,0,0,0
1403636707628555520,9.415251504795870474140429,-6.039236945409002466078618,-1.569680744468482602727022,0.1748945662568127668023976,0.7805906027821464254756734,-0.2368213118169508191179773,0.5513672712551455079577067,0,0,0,0,0,0,0,0,0
1403636707428555520,9.268928582613179756322097,-6.090735542722881312727168,-1.535353336120031775280381,0.1865789017730174748077587,0.7748082706436645317182865,-0.2289852304807144522946771,0.5589510008731020107575205,0,0,0,0,0,0,0,0,0
1403636707228555520,9.117085238067225816394057,-6.120044607884338461190055,-1.509485681846778781789453,0.1952817400067236586203023,0.7570906054021321329727812,-0.2229268929177642410977001,0.5822220003107156927057986,0,0,0,0,0,0,0,0,0
1403636707028555520,8.944792800824419742866667,-6.118072544034950155378283,-1.518008842044119788283751,0.1922935584121704122306795,0.7682657799931806863469319,-0.2312314573408737194970541,0.5650866232894482532600477,0,0,0,0,0,0,0,0,0
1403636706828555520,8.758955923322217174131765,-6.088314327784932977749577,-1.54595770525589926158716,0.1911853350800966078182341,0.7784593787666556075066637,-0.244449449205038804588952,0.5456130772295485487077826,0,0,0,0,0,0,0,0,0
1403636706628555520,8.566244761580961153413227,-6.035416463194895442256893,-1.549407717704925913082548,0.1938628852964811022374647,0.774705241247715337138402,-0.2625070380386453905430244,0.5416078155529330251383158,0,0,0,0,0,0,0,0,0
1403636706428555520,8.386131196808136678555456,-5.973918646866173354226248,-1.527418084446917623253626,0.1968852109617950929543184,0.7692212773582901563784731,-0.2755866323051386901354931,0.5418365512389526905678849,0,0,0,0,0,0,0,0,0
1403636706228555520,8.205761918866643966907759,-5.907948906155628066017016,-1.520034301192987546968993,0.1918030450408740039680566,0.7681905788917311461716508,-0.2778101047874731999165476,0.543981959345168686326133,0,0,0,0,0,0,0,0,0
1403636706028555520,8.022552525733464889867719,-5.833707797743601375373146,-1.540010521691470346539177,0.1921296758342960209198225,0.7683517992986957922951774,-0.277562003602668194712777,0.5437656060604950658543544,0,0,0,0,0,0,0,0,0
1403636705828555520,7.833720202076403182900322,-5.753175852896244890644084,-1.541971612155048187986495,0.2004652534643174000006383,0.7705970539406786778968694,-0.2732296933422113660583364,0.5397586472559331438603181,0,0,0,0,0,0,0,0,0
1403636705628555520,7.645265081727695921642862,-5.661445676461097420428814,-1.523917937177712067509106,0.1993191526022015935826204,0.7716769752147707439604574,-0.2745622830615909726326151,0.5379610339507213678800213,0,0,0,0,0,0,0,0,0
1403636705428555520,7.457715083614471218709241,-5.560451987597000211849263,-1.515366225723714377338069,0.1958532271945349068076325,0.7769940815420459667706155,-0.274591345073496917450484,0.5315273312416268769453609,0,0,0,0,0,0,0,0,0
1403636705228555520,7.283281929401311138860819,-5.459360718487931585229944,-1.537640566188161139749013,0.1904593217859317788587248,0.7838384870580757946001427,-0.2747677028868245607817755,0.5232830805612268543214327,0,0,0,0,0,0,0,0,0
1403636705028555520,7.124854889064631713324616,-5.36283605687597297873026,-1.571610716766676851818829,0.1908521581232733854704975,0.7821900300466056998871522,-0.2700144894233859615972904,0.5280590744763385968596481,0,0,0,0,0,0,0,0,0
1403636704828555520,6.98165243705057925183155,-5.268279648535287407185024,-1.586444711342821278776682,0.1895135420240801893410065,0.7772482571093999315081646,-0.2671231339050503805765402,0.5372289973024837461679226,0,0,0,0,0,0,0,0,0
1403636704628555520,6.84179950979503015418004,-5.161836046028524194184683,-1.568208551678553108743586,0.1888254310839339311645091,0.7717000896928708497668481,-0.2639940619695221313278921,0.5469287553135359081224465,0,0,0,0,0,0,0,0,0
1403636704428555520,6.700100501598178937001649,-5.042293586277853734145538,-1.53091930396646258571991,0.1863371629487964586946447,0.7727627103489644877498677,-0.2639112068857577542146942,0.5463214530644199262710003,0,0,0,0,0,0,0,0,0
1403636704228555520,6.556427781400859799987302,-4.9199418098125873299864,-1.503913852087406910484901,0.1775071776417926350255527,0.7758273747968835731825266,-0.2693957749314886407354663,0.5422259702840540596113783,0,0,0,0,0,0,0,0,0
1403636704028555520,6.415408801501861546512373,-4.799295809693480130420085,-1.498172530139042724073306,0.1717845123743267643501298,0.7799475431581959217197664,-0.2742434949401757471321162,0.5356887311795972550498846,0,0,0,0,0,0,0,0,0
1403636703828555520,6.27613282006238559773692,-4.685165973369464609277202,-1.512567544827587706635086,0.170271252312627241476406,0.7725547753457167043933396,-0.2782356546809726105529137,0.5447492452410277463670241,0,0,0,0,0,0,0,0,0
1403636703628555520,6.127885010091477013816075,-4.576357101814106265180726,-1.527230609691732077237702,0.1700273155137485003862707,0.7759604044548066292819044,-0.2824090081383061057174189,0.5377930036918100453746661,0,0,0,0,0,0,0,0,0
1403636703428555520,5.985625657355964968076023,-4.484393726794630552490162,-1.522268891508291144276654,0.1707381376154355479002334,0.7914597324555530111211965,-0.2836877627790420630660151,0.5137715771764911343311155,0,0,0,0,0,0,0,0,0
1403636703128555520,5.811700550679918642060784,-4.383922113117418639660627,-1.529711272197061822097908,0.1861371581455089629919541,0.7891726316003608854288132,-0.2700615041444177077956112,0.51925552464054702817009,0,0,0,0,0,0,0,0,0
1403636702728555520,5.656341255998079020628211,-4.27296310716792504535988,-1.538779903890497235963153,0.1770531195061868234841285,0.7733534879127158534473097,-0.2648498319276951229461758,0.5481159933209726053959798,0,0,0,0,0,0,0,0,0
1403636702428555520,5.538479597169064128081573,-4.187805127856676357112065,-1.490653215509964768514806,0.1638288215728373187207723,0.7695850916842106315129968,-0.2667186966378486401296755,0.5565609047923398833290776,0,0,0,0,0,0,0,0,0
1403636702128555520,5.391153762512052693978148,-4.102191755934466499411428,-1.469756590276253271909468,0.1794219992769127136611473,0.779098981856538697066128,-0.253799093353754334767558,0.5444249653151413959051297,0,0,0,0,0,0,0,0,0
1403636701828555520,5.240126353108663259661171,-3.993549939768852752308703,-1.452879918598871888946178,0.1736564553599744265000027,0.7661839082832616609763932,-0.2624129809867163376502219,0.560308023866570414917021,0,0,0,0,0,0,0,0,0
1403636701528555520,5.066386562385198466529346,-3.867851872118090561514236,-1.394973780658180562141979,0.1803623720125825669047259,0.7730844729996574349328853,-0.2605800323465541912248966,0.5494614264087200883324158,0,0,0,0,0,0,0,0,0
1403636701228555520,4.891088298674652889985737,-3.730003584315405351645722,-1.374232579968750034282721,0.180988814542887843650476,0.7818194518876216969616166,-0.2562832520348543585697598,0.5388137789505185182292735,0,0,0,0,0,0,0,0,0
1403636700928555520,4.734875473164856352070728,-3.584509855152558710500443,-1.400297332014807327738026,0.170994872625532867704834,0.7932634522718230440929688,-0.2559370082501113974338125,0.5253475960100602026869865,0,0,0,0,0,0,0,0,0
1403636700628555520,4.613481809732106420085529,-3.439782768294969983458031,-1.403197392133442411576993,0.1679959125924267160367975,0.7916014332133538555780206,-0.2536715465113585366019322,0.5299012085071493904919748,0,0,0,0,0,0,0,0,0
1403636700328555520,4.528282596989289032762827,-3.295312862560999089822644,-1.336562122120175555295418,0.1750721183945694314765262,0.7763000404760660444480891,-0.2492248112860814268643139,0.5519012538100573905808233,0,0,0,0,0,0,0,0,0
1403636700028555520,4.454494676022588528496726,-3.13718802174100019897196,-1.285016810593001990170592,0.1652049353764893924179091,0.7948155458977937959375026,-0.256277347261871402128719,0.5246880012034392803954574,0,0,0,0,0,0,0,0,0
1403636699628555520,4.427021148624190161058323,-2.937784210108618232482058,-1.280942829649240000122745,0.165576662394693679969393,0.7875603277259018986100614,-0.2520510045082083872003409,0.5374043079366844777311485,0,0,0,0,0,0,0,0,0
1403636699228555520,4.45000554565097772297122,-2.75161487148966221738533,-1.283852168270055660315165,0.1588102878425579345122998,0.7749748470251537346698001,-0.2504626034665531908451896,0.5580875945749553812547106,0,0,0,0,0,0,0,0,0
1403636698828555520,4.453836363769529071987563,-2.582887218924318162294185,-1.194022926172015663937032,0.1532091917438220818326045,0.7768741515960154719877551,-0.2382208523810362132966389,0.5623560452578316715133155,0,0,0,0,0,0,0,0,0
1403636698428555520,4.436543354914293857405028,-2.428420466622664086742134,-1.142121481366970225934665,0.1486900795949769871207025,0.7857792612383492913963323,-0.2532145857186365867086408,0.5443570394668306722252282,0,0,0,0,0,0,0,0,0
1403636697928555520,4.434438548700090798604379,-2.290374367743229999661025,-1.04828112901590664307605,0.1586959741149124303305484,0.7793307761947182443762472,-0.2405809929058313756389254,0.5563990608618075706104378,0,0,0,0,0,0,0,0,0
1403636697528555520,4.432448733100534887796584,-2.19246415254460158550387,-0.9494094942443492834982521,0.09179514382385164927846688,0.7877777072754680309785158,-0.1976866508537728217564933,0.5761075624953938545402821,0,0,0,0,0,0,0,0,0
1403636697228555520,4.39876857438462920413258,-2.154789112992694821713258,-0.9279619827523211128550429,0.0699069591452868566161527,0.8107151207954893523677242,-0.1212022555746533197806869,0.5684751737940988425279443,0,0,0,0,0,0,0,0,0
1403636696128555520,4.32400804803593619141111,-2.089178504339802344702548,-0.9277741669194137230647357,0.01408170235676520047618521,0.8248553195930637960131548,-0.05462055973338314496245971,0.5625228900695259381947722,0,0,0,0,0,0,0,0,0
1403636695828555520,4.344050468923803975940245,-2.079435306991870291426494,-0.8991979841765559422483989,-0.01535506941145844961305045,0.8148293089800345834206041,0.02135984405351170484221868,0.5791037697446790311062159,0,0,0,0,0,0,0,0,0
1403636695528555520,4.35662533076420555033792,-2.066100798946244765375013,-0.8331139599416863550374046,-0.06989717314532574443664004,0.8126373068319687753557901,0.09837311105909550545955966,0.5701383373811411692244633,0,0,0,0,0,0,0,0,0
1403636694928555520,4.386764371710955678906885,-2.050500923468548730710381,-0.7799461068291174692390655,-0.1125740341213691125821228,0.7969794222222681412404199,0.1608394699294601326577947,0.5712106024127273640189628,0,0,0,0,0,0,0,0,0
1403636694028555520,4.443863663522947149431275,-2.004692221090681236717046,-0.6402166330451345421792553,-0.1466773560223572914207324,0.7904915508223852027569478,0.2004116756219466721766764,0.5598607162349531485290299,0,0,0,0,0,0,0,0,0
1403636692928555520,4.598300218025069163729768,-2.025271789974235403519742,-0.6266525833050089477893607,-0.1590399473955496634225426,0.7863518976880989885813733,0.1949668613474932477025447,0.5642206227275406993371121,0,0,0,0,0,0,0,0,0
1403636692528555520,4.67801761226325307774232,-2.127550392329880857289481,-0.5245106078789786296923126,-0.1803812172119642898149294,0.8021914442758601992977674,0.1766151430757919860159433,0.5410717091514370968852177,0,0,0,0,0,0,0,0,0
1403636692228555520,4.792655358759891903730477,-2.260125803811397382503401,-0.4952405644078080593217805,-0.1468341188344519376851594,0.8134152977008727303243063,0.1994154652381531223070965,0.526335223252407558014454,0,0,0,0,0,0,0,0,0
1403636692028555520,4.907699470430863186720671,-2.353747295908448666779123,-0.5000939355862937807373214,-0.1327979297561538429839345,0.8134154817305879747735275,0.2084163596162492138041955,0.5265762860002201062314953,0,0,0,0,0,0,0,0,0
1403636691828555520,5.050033304225434171996767,-2.433490151245604415919388,-0.5207447612313881313284014,-0.1348944172291808851760209,0.8048797676641641363204371,0.205027020629921841177179,0.5403109999036650457071573,0,0,0,0,0,0,0,0,0
1403636691628555520,5.213702445983352973257752,-2.501875459323661843313857,-0.5197305304351116372885144,-0.1381213957401937753033394,0.7967550614997894742330686,0.2009232605027348739223925,0.5529319084681203477771305,0,0,0,0,0,0,0,0,0
1403636691428555520,5.385242374631598494261198,-2.561871115234324314258174,-0.5034181328358955376245376,-0.1398984798333715584561787,0.7865848442749430180498393,0.1989066921150311473276417,0.5675815588346151407961315,0,0,0,0,0,0,0,0,0
1403636691228555520,5.557069392932302065446493,-2.619128642438936616088085,-0.4892512280634554455716057,-0.1376385463686241872327543,0.7927128420181086543294668,0.1992402034817513933884214,0.5594330361800735618160729,0,0,0,0,0,0,0,0,0
1403636691028555520,5.735445719388298613239385,-2.678356423332643121426599,-0.4864296805308687687841029,-0.1336915859393107419705871,0.8013365100172867849792624,0.201034586776897922222318,0.5473312091245928767690998,0,0,0,0,0,0,0,0,0
1403636690828555520,5.934446892627506464634735,-2.733119166538995781223775,-0.503507023327397829071117,-0.1342252269741179837581058,0.8008667623716679839773747,0.2021677188824259896460234,0.547470757953285813712796,0,0,0,0,0,0,0,0,0
1403636690628555520,6.148320720597330257817248,-2.781421052495791634839861,-0.5417878341882436110665822,-0.1361495565035411581256142,0.7992748634463940904382184,0.2034956966817654810952831,0.5488282904138960249795787,0,0,0,0,0,0,0,0,0
1403636690428555520,6.376798301087986509116945,-2.822494732368428849156317,-0.5967802738419678565406912,-0.1420492298843685496922973,0.7925541923232652941067045,0.2014631791610949351767346,0.5577566278964142254537251,0,0,0,0,0,0,0,0,0
1403636690228555520,6.608652017176496862305157,-2.861826167145820054571459,-0.6310159001659186861488138,-0.142959501643332292930566,0.7809362372825442433210696,0.2016140998631181513456312,0.5736313528088023971918119,0,0,0,0,0,0,0,0,0
1403636690028555520,6.837186966072929195092911,-2.906314186004382627004361,-0.6440215401520225091402949,-0.1362881348851890939144482,0.7790829810218982132141718,0.2065230235650515611123268,0.5760238655725109513383586,0,0,0,0,0,0,0,0,0
1403636689828555520,7.056062633279237772399028,-2.946287739844565933822196,-0.6356504242760463441186403,-0.1380981596866781013766001,0.7788325374012374791021784,0.2061793357306091756253608,0.5760545620807006050867471,0,0,0,0,0,0,0,0,0
1403636689628555520,7.272558849838613781457752,-2.985690192466368575452407,-0.6278809645903344893724807,-0.1456698834566595435191516,0.7798986165772042733479452,0.2010544297451857254088736,0.5745568285161393173865463,0,0,0,0,0,0,0,0,0
1403636689428555520,7.476357681771451879626511,-3.031923920133603456150695,-0.5919982389680692458355793,-0.1456905724200493468245554,0.7777485024256330925496172,0.2013639704879591485475743,0.5773509119001439815477283,0,0,0,0,0,0,0,0,0
1403636689228555520,7.666112753219336717336319,-3.082200144265739183424557,-0.5246468920264245605622477,-0.1433186239793354521676605,0.7758470253112501602288376,0.2025887691309438409792421,0.5800680614879287766427751,0,0,0,0,0,0,0,0,0
1403636689028555520,7.842799452285496464298831,-3.139446800470457876741648,-0.4525676697182563490429175,-0.1404511582686265303010487,0.776796332238602116326831,0.2033994276341925533380106,0.5792146434610745409088395,0,0,0,0,0,0,0,0,0
1403636688828555520,8.009653380624669694043405,-3.203250051248077490129162,-0.4168760539122641772813438,-0.1403149058413415417589931,0.7775748394771765381605633,0.2041164747420753933226933,0.5779494449773667774650221,0,0,0,0,0,0,0,0,0
1403636688628555520,8.168012084135595429756904,-3.269260746926820004887304,-0.4280879359884709467465314,-0.1446765755749369608551547,0.7777970732823960009483244,0.2035218582713285984109319,0.5767835421360719694305885,0,0,0,0,0,0,0,0,0
1403636688428555520,8.310857877028327678203823,-3.341015946137516845482196,-0.4184114013363285922153523,-0.1469863002560110876171251,0.7789174153052433879906857,0.203599677835463538366767,0.5746562962819985465046102,0,0,0,0,0,0,0,0,0
1403636688228555520,8.441537146647499767482259,-3.420887947767127901244066,-0.4039114967136844258632777,-0.1534142152263208158657903,0.7790934627958595593000268,0.2011912140628628054006555,0.5735848238745164806573484,0,0,0,0,0,0,0,0,0
1403636688028555520,8.566182159776547067053798,-3.512947084425629196147156,-0.4115368238374597642525998,-0.1563193601098058771459165,0.7789938283218953429809517,0.2017621597990718051995884,0.5727345842224584870905346,0,0,0,0,0,0,0,0,0
1403636687828555520,8.689046879737061246373742,-3.619600000181963928014284,-0.4032049637571388234213998,-0.1636186594251082260242924,0.7797797742811815036034773,0.2007969085628481531458078,0.5699588050214887680056108,0,0,0,0,0,0,0,0,0
1403636687628555520,8.799138118389874918534588,-3.744871883496737829943868,-0.386349809532822441315858,-0.1712494082322539024065833,0.7793874552854486159603198,0.2009988951093880371612244,0.568179794509256375079076,0,0,0,0,0,0,0,0,0
1403636687428555520,8.909305635872350137560716,-3.895346991686315263336837,-0.3918627413527356884159758,-0.1462572018442976906626996,0.7759686114817456736858503,0.222456032150848498352147,0.5718346427626338490668445,0,0,0,0,0,0,0,0,0
1403636687228555520,9.012654270429697689337445,-4.051787651302167780897889,-0.42669384187751546733125,-0.1499102577392894819485747,0.7769794661481781439249517,0.2243035217980581530472506,0.5687862110825298023186747,0,0,0,0,0,0,0,0,0
1403636687028555520,9.112499312575158327831559,-4.215059017035150290553247,-0.4923834336690769419853098,-0.1634317832921813873348071,0.7806269707169228855292431,0.2198012579859277282334773,0.5617819788735322061867805,0,0,0,0,0,0,0,0,0
1403636686828555520,9.205873080600678548535143,-4.386464888885742041679805,-0.5912340928981011378695598,-0.1660838628718197262923439,0.7923299052863314040351383,0.2229843635031568127580215,0.5430538143827181585265862,0,0,0,0,0,0,0,0,0
1403636686628555520,9.310993695270425973831152,-4.562543233563527422802508,-0.7002824921325886409206873,-0.1394335142226800494658079,0.8066755795508957493922253,0.2414184448074236932768599,0.5211045374725737922005919,0,0,0,0,0,0,0,0,0
1403636686428555520,9.447651443410832072800076,-4.720936038597725037391228,-0.7655317111507351501842322,-0.1352353249870713591818117,0.7876105658127201536444773,0.2316089292880847971822789,0.5547416582246504912490082,0,0,0,0,0,0,0,0,0
1403636686228555520,9.5834205695181928774673,-4.870673707482428227422133,-0.8066543111898673013016037,-0.1195100386552103433057681,0.7794841697195995511293631,0.2056774506079215025788898,0.5794985471324346493204871,0,0,0,0,0,0,0,0,0
1403636686028555520,9.706542236334087192517472,-5.016646992078193534325692,-0.8221521746701135890944556,-0.08708942252873226597120748,0.7891368029611685042112867,0.1692770599149409083139517,0.5839724442834538509217168,0,0,0,0,0,0,0,0,0
1403636685728555520,9.847619822834676739375936,-5.199773423729398658110767,-0.8126505126844171256195182,-0.0629782495085436377912913,0.7988450529788055920477063,0.1252964209671281470281912,0.584962501629768927280395,0,0,0,0,0,0,0,0,0
1403636685428555520,9.960757601006310579805358,-5.353302877948704185939732,-0.8560940823930580645395594,-0.06706339271941713642277705,0.8018062391157710910860601,0.1112890674865389117886849,0.5832872360423816404662034,0,0,0,0,0,0,0,0,0
1403636685128555520,10.05051007372015980934066,-5.500156707437208858380018,-0.9493612103067580187953922,-0.0698620873373492212721203,0.803537410715086108936589,0.1089314247871243507281847,0.5810170935764376043408674,0,0,0,0,0,0,0,0,0
1403636684828555520,10.11963570312433269293706,-5.64422554661705078160594,-1.01476990968108604640463,-0.07604471862222858535851344,0.803447049156040149497926,0.114495231679076894804048,0.5792934333262137469588993,0,0,0,0,0,0,0,0,0
1403636684528555520,10.17251422027560181504668,-5.788888864870322059630325,-1.020177606691691662987864,-0.08884807094745847400041328,0.8004782428377217318171688,0.1203580232706109309770426,0.580391720536001742836163,0,0,0,0,0,0,0,0,0
1403636684228555520,10.19939640419114113001342,-5.940148367542368745830572,-1.031398944943877182822689,-0.08075734039051112034268698,0.7924955240224679231531013,0.1353963409617992830202837,0.5891493250709548545884786,0,0,0,0,0,0,0,0,0
1403636683928555520,10.19078302104516708936899,-6.083537899974061247121426,-1.087921350501783512854104,-0.05615296913115844917863129,0.8031264237895133772937584,0.1321956690296714476140494,0.5782379238329319326439304,0,0,0,0,0,0,0,0,0
1403636683628555520,10.16084974139891272670866,-6.193824731760266821822825,-1.193325423741317559134245,-0.03653216208748202853406895,0.8107150614543726652172495,0.06507465420261823729752848,0.5806649461132091794013377,0,0,0,0,0,0,0,0,0
1403636683328555520,10.10920960681579572337796,-6.289293606642924139293882,-1.284907396611106422668058,0.002331938350439803023933516,0.8146453558308704989698867,-0.00144035309516731468634787,0.5799529564280928584096841,0,0,0,0,0,0,0,0,0
1403636682928555520,10.01875296065399645328853,-6.40351969850359825642272,-1.373762246315566093457505,0.05243938603585902163972676,0.8096021725465967211476936,-0.07607983439936516489865426,0.5796604970133623080386087,0,0,0,0,0,0,0,0,0
1403636682528555520,9.907929712645222153355462,-6.509101998341130013159272,-1.480890808701990746243382,0.09360463776427026261206521,0.8032582009634101627426617,-0.1321723979836659235154173,0.5731883561145438843453803,0,0,0,0,0,0,0,0,0
1403636682228555520,9.813065983965875815897562,-6.590938076147017099515324,-1.488956724981499224469417,0.1372449437703492369777791,0.7903680732490409033275114,-0.1963074738089572446320119,0.5638665710297235955650308,0,0,0,0,0,0,0,0,0
1403636681828555520,9.669415352079363756843122,-6.682222462015386277300877,-1.427395755042619063246434,0.1952997290353719883615469,0.7733157482826602535652682,-0.239830667469488445497916,0.5534636575583615769602375,0,0,0,0,0,0,0,0,0
1403636681328555520,9.505918683274543923289457,-6.707143938683827855129493,-1.403403024848157043535934,0.1881434090155761074125707,0.773800257255706336323442,-0.2661770778549147897784621,0.5431251998753315879397974,0,0,0,0,0,0,0,0,0
1403636680828555520,9.359316556352492710857405,-6.680620774585693588676349,-1.392024040495151826490883,0.1880329912650111900962457,0.7712962966732274106007594,-0.2621889783275627716641054,0.5486369989142599878917395,0,0,0,0,0,0,0,0,0
1403636680428555520,9.240107556967391388980104,-6.627630194940114627399907,-1.276776267572539147465704,0.1835698712512429942034231,0.7787733856160800050005832,-0.2583595600184317997438654,0.5413542776887911855965285,0,0,0,0,0,0,0,0,0
1403636679928555520,9.119662680070534932497139,-6.537418164041341128722706,-1.228460373760631885176053,0.1708623150979243221492254,0.7793383242513906017379099,-0.2514720843988679788161278,0.5479047694631804521492313,0,0,0,0,0,0,0,0,0
1403636679328555520,8.991827507012242648443134,-6.447873144589889804478844,-1.30410907283486499075309,0.1978083992495947573964088,0.7558100825888133256214019,-0.3114461216629234030506268,0.5409475663541963852409822,0,0,0,0,0,0,0,0,0
1403636679028555520,8.900597085167113675652217,-6.418942498999477663801372,-1.273790969040361265030015,0.2499098449422663403840517,0.7207290022124013262327935,-0.3825030152216415957333595,0.5213311981046229170999595,0,0,0,0,0,0,0,0,0
1403636678628555520,8.753587102133357333855201,-6.375067033775251523763927,-1.219502199500130501519379,0.2966534079580470106840551,0.6943109885248996970830149,-0.4266484662145452744219654,0.4978956648106401816633593,0,0,0,0,0,0,0,0,0
1403636678228555520,8.588444013818291367101665,-6.309669747160140396147199,-1.260142214482575795386765,0.3316634609114557097342413,0.6523242577340092607229849,-0.4844090202118067622905073,0.4793957786687806366110465,0,0,0,0,0,0,0,0,0
1403636677928555520,8.435953300753496364450257,-6.236847179080105441073556,-1.261482781971434041778934,0.3664752178700028117930287,0.5984822573144851221016438,-0.5455314162469244720909956,0.4581597715366520495727798,0,0,0,0,0,0,0,0,0
1403636677628555520,8.257655105435505404898322,-6.143467155643843824464057,-1.227652013356805626997925,0.3965710099231525287422073,0.5883659215296516142856831,-0.5661563495202188711630242,0.419552099707574621678674,0,0,0,0,0,0,0,0,0
1403636677328555520,8.07529709940139461821218,-6.032708188963555429040753,-1.236062907617441197771768,0.3767540394541813442153,0.5777541682463200878316911,-0.577681129527664927181263,0.4365100541987565474499888,0,0,0,0,0,0,0,0,0
1403636677128555520,7.937342386849452147146167,-5.957405000151261731389241,-1.265865448943786386593047,0.388319670539635508621501,0.5889813135137716981759581,-0.5672948071022361204995832,0.4248357890272640990936281,0,0,0,0,0,0,0,0,0
1403636676928555520,7.781861981910071612844604,-5.864665987139251690507535,-1.267114045145276035597703,0.3991339756414530870465285,0.5974697793616472463185119,-0.5575168321650100233810576,0.4158087470110323757843673,0,0,0,0,0,0,0,0,0
1403636676728555520,7.626173281844747187108169,-5.768645529117303105692827,-1.243201365725317808497152,0.3970917486164796117442677,0.5989166697369883163304394,-0.555738056989980799826867,0.4180576251007299681816676,0,0,0,0,0,0,0,0,0
1403636676528555520,7.478007069526072747578382,-5.664119867883981918055269,-1.22997618091474048007683,0.3940337825213167111115808,0.6016442672234146860077431,-0.5525595164617834731402013,0.4212357234573820830014768,0,0,0,0,0,0,0,0,0
1403636676328555520,7.335993634764713888785082,-5.552168289359974195917857,-1.217846056803303600446498,0.389478040331358188463895,0.6076829245911995469597855,-0.5475819642800313635788712,0.4232993168611945411505815,0,0,0,0,0,0,0,0,0
1403636676128555520,7.204861702553600366627506,-5.441590733619068309678823,-1.174953185062282967621172,0.3837271152802302354167807,0.609788028284163785563976,-0.5438901136981284523130853,0.4302273884604072007320497,0,0,0,0,0,0,0,0,0
1403636675928555520,7.072753316667314216203977,-5.319751064928307293655507,-1.133710695499693388299534,0.3756740538326782674616311,0.6199133667456935281592223,-0.5422731632599285811480172,0.424872027103470550901676,0,0,0,0,0,0,0,0,0
1403636675728555520,6.944783240319096329074,-5.195506878445575793534772,-1.132936454992007568876033,0.366887303846495593795396,0.6289760337195661188403051,-0.5420449154740852870659751,0.419487979436055147264284,0,0,0,0,0,0,0,0,0
1403636675528555520,6.822897786922908380802255,-5.078388888400987788429575,-1.167343414155053382685878,0.3657365766358747771747062,0.6298453527899261494837901,-0.5390578375077095252265735,0.4230227368606990778765464,0,0,0,0,0,0,0,0,0
1403636675328555520,6.711482574368943687659339,-4.969589853923554123582562,-1.187077500505094196370237,0.3691778404083439490968033,0.6282124922203199401948837,-0.5353895296871827857998483,0.4271005013706998254541247,0,0,0,0,0,0,0,0,0
1403636675028555520,6.570615300349471610275032,-4.826018208517481866692833,-1.231499395170380539710209,0.3748728450151659896683043,0.6316447200655388449774819,-0.5328626529780476905884257,0.4201817353773951158046884,0,0,0,0,0,0,0,0,0
1403636674728555520,6.463193497712228285934088,-4.6890054895768633613784,-1.243930547541948650192012,0.3700143946422451701749878,0.6199134235386380975540987,-0.5408013906400200854207583,0.4316602262844682624809423,0,0,0,0,0,0,0,0,0
1403636674428555520,6.361883580434878560083689,-4.570084333023338274415437,-1.19841717788183688142567,0.3545564000977118879198713,0.6145300302607759057593739,-0.5535393481701351703350156,0.4361614277819885199249939,0,0,0,0,0,0,0,0,0
1403636674128555520,6.23235807950039966129907,-4.467304059845898400737951,-1.120776021639096287074722,0.3646119831762940632913228,0.6165463567167716041339531,-0.5461733705074836020543216,0.4343078874393376809237566,0,0,0,0,0,0,0,0,0
1403636673828555520,6.095438508306206593090337,-4.378826315709138938814249,-1.07779496581715550362901,0.3827725809756837849207045,0.6102126949576303083233597,-0.5325268947483023929123647,0.444455537186218663237014,0,0,0,0,0,0,0,0,0
1403636673528555520,5.961316940769766148378039,-4.260635073834603936404619,-1.018042969748100601279361,0.3755826978987957809330567,0.6073608262520079348334434,-0.5390185481539093714786759,0.4466648279410321276117202,0,0,0,0,0,0,0,0,0
1403636673228555520,5.819065409094843488446713,-4.117126832405546998927548,-0.9922635889184880930713462,0.3827958845958955302890558,0.621686381717451386208495,-0.5343802051013725185057979,0.4259238780807249602489151,0,0,0,0,0,0,0,0,0
1403636672928555520,5.697445177301904806199673,-3.960528812892846417526016,-1.002617490683685330665753,0.3679871845458881352008973,0.6226667456417924739753289,-0.5446660858436669361282156,0.4245119678096121451638112,0,0,0,0,0,0,0,0,0
1403636672628555520,5.598636386875115888983601,-3.830677477585919366021017,-0.9778395312267970096442582,0.3566645100358394326889311,0.6246163854313145913366156,-0.551828707775761317932961,0.4220543514834876885899462,0,0,0,0,0,0,0,0,0
1403636672228555520,5.454934325527781346920619,-3.707384753549141098716291,-0.9864838367031045773813958,0.3727109713903322685268904,0.6092441377154449444475404,-0.5402170071005311102751989,0.4450547131578134196772112,0,0,0,0,0,0,0,0,0
1403636671928555520,5.333277324938778818363971,-3.607549548044914455857679,-1.015792159852731080249555,0.3832551311237159530342922,0.6152954002707735625676833,-0.535046928755143813560835,0.4338800051888306308356391,0,0,0,0,0,0,0,0,0
1403636671528555520,5.206912043864106109936074,-3.464438004756752231827477,-0.9844095124298894994296916,0.3653996574948248365899417,0.6205509360066499002783758,-0.5485230629748082398222664,0.4248788951085591958367615,0,0,0,0,0,0,0,0,0
1403636671128555520,5.098475596206981208524667,-3.350855104381622151521469,-0.981961245371178237384413,0.3556236158588773066391298,0.6171412413860284384981014,-0.5527819676057162956439583,0.4325513013665805983620771,0,0,0,0,0,0,0,0,0
1403636670728555520,4.953835069304115990007631,-3.286041436613143407186044,-0.9540844496844362865317635,0.3703977645024836840015325,0.6018338280306331222746508,-0.5421694128537404289147617,0.4545919788726889843033518,0,0,0,0,0,0,0,0,0
1403636670428555520,4.810937439850256680529128,-3.210677595963617125818246,-0.8869350061852351307933873,0.3796394608862000974447426,0.6076172082313454625435156,-0.5379350181252408047427593,0.4441859118362243008526491,0,0,0,0,0,0,0,0,0
1403636670128555520,4.654730154719381118866295,-3.106019475781739647146651,-0.8521325795121192925307696,0.380770333825593609855531,0.6066668827702861310768867,-0.5410892012890657909451875,0.4406718988958687743817677,0,0,0,0,0,0,0,0,0
1403636669828555520,4.500974190926272378021622,-2.976824919977589356534509,-0.8313148432291495026902339,0.4099966069100688392801146,0.6322285298999665847929919,-0.5249283831132911526395901,0.3957777923340613512870334,0,0,0,0,0,0,0,0,0
1403636669528555520,4.431395763954089517255852,-2.848157155279395169600321,-0.7629449700016824875703492,0.3841028899098804516576422,0.6228935609285114471944667,-0.5505832532273343682405198,0.4016549053382544864909676,0,0,0,0,0,0,0,0,0
1403636669028555520,4.437256341898797806777566,-2.678215994815149603169857,-0.6842407344283164549736398,0.3857977350883299849648722,0.6156950652945780699809575,-0.5562841732514361980932449,0.4032711405029946738487467,0,0,0,0,0,0,0,0,0
1403636668328555520,4.57410089453466639497492,-2.617780271859043050852733,-0.6347833489114521610119368,0.3549615965631053859929978,0.5930056241990416809883868,-0.576152238910728531351424,0.4363429754583326714012514,0,0,0,0,0,0,0,0,0
1403636667928555520,4.580659154082189488121912,-2.700113900379131681717126,-0.5061117041209020062098034,0.3711053861765689632079557,0.5922166210157968624372415,-0.5629940388534121487040807,0.4411326085871395408233298,0,0,0,0,0,0,0,0,0
1403636667528555520,4.532758574694618403100321,-2.786341893386133250487546,-0.3379597273485047681518267,0.389123956916482882650854,0.6066418980147806339076055,-0.5439557869985168769844108,0.4297444071974731993890373,0,0,0,0,0,0,0,0,0
1403636666928555520,4.520176206724888068322343,-2.890008899636387962317485,-0.1851997678465165109162882,0.366741190777351289131758,0.6262499114477687589541688,-0.5497530735120818023986544,0.4136224190767371355903492,0,0,0,0,0,0,0,0,0
1403636666428555520,4.581555507842159258302672,-3.03395330479620861652279,-0.1816196786922361361416023,0.3835904366878363225268345,0.6129875265013373653033568,-0.5321993935679166787267036,0.4403049792148041041706108,0,0,0,0,0,0,0,0,0
1403636665928555520,4.702163269019721703045889,-3.127568359190600499886159,-0.2209250348405837338638946,0.3956482372302347894077457,0.6113049638727455770137453,-0.536424033738611139021657,0.426635640270180305222425,0,0,0,0,0,0,0,0,0
1403636665528555520,4.872137913600997016771998,-3.173829027283311177143332,-0.2524226307121129608823651,0.3684534458641008924928428,0.6103560171751911678228453,-0.5692137893155326811012173,0.4095158758607048699040831,0,0,0,0,0,0,0,0,0
1403636665228555520,5.036446899978029634326049,-3.253321178331616714274332,-0.2028362098374399957734227,0.3760832292055332759517228,0.6011464636496359759121333,-0.5781256462143209429171975,0.4036769390752328323657139,0,0,0,0,0,0,0,0,0
1403636665028555520,5.156318002708697889602263,-3.337777671134931622987096,-0.1337618870134533732851878,0.4037633975974274647136042,0.576892482754089885865767,-0.575350604756525441096926,0.4161031887749770397100235,0,0,0,0,0,0,0,0,0
1403636664828555520,5.283120071073851065079907,-3.421312767888263106641489,-0.08184245901129989786415564,-0.4088139389231703613170055,-0.5721817737115422186633396,0.5752370222281724121415891,-0.4178295698397868074280836,0,0,0,0,0,0,0,0,0
1403636664628555520,5.417079911497499011829859,-3.496787482496327648107126,-0.0532424541369827461489983,-0.4043872179845828251920636,-0.5736719419839060307708678,0.5761378428937486972927218,-0.4188516048636337640864724,0,0,0,0,0,0,0,0,0
1403636664428555520,5.555155394415278280462189,-3.567097045427579438126031,-0.04764052384994508365645416,0.3999175398685791971153947,0.5763721027516388595302033,-0.5754974954924267915856717,0.4203139221546936532547534,0,0,0,0,0,0,0,0,0
1403636664228555520,5.698188010554656734996115,-3.630648318506438432251571,-0.06516979314402125689209555,0.3961673251231722092668974,0.5797878016898967423742306,-0.5752023150527393324793479,0.4195710336454570033026812,0,0,0,0,0,0,0,0,0
1403636664028555520,5.844853768438246888194953,-3.694354297549633070474329,-0.07682013021246060502367214,0.3867822948449860520625521,0.5825807378422550586449802,-0.5791491782474335048291891,0.4190290796889191149432463,0,0,0,0,0,0,0,0,0
1403636663828555520,5.991617482078439138604153,-3.769971443983565428936799,-0.0549942680038336129122456,-0.3785320314709813560583029,-0.5819238661876832141572891,0.5820594357717054911915966,-0.4234205100615171524225389,0,0,0,0,0,0,0,0,0
1403636663628555520,6.131050940153427220025151,-3.850670491593283006892534,-0.03401741804550725833955482,0.3810123647906319965805721,0.5786578936002467754562417,-0.5773340075221095046842379,0.4320533113045622042314164,0,0,0,0,0,0,0,0,0
1403636663428555520,6.260199840368820822789075,-3.934182926638526200946444,-0.03605991656194384303857348,0.3852950442149657983570421,0.584002530539073028137409,-0.5712678800981458859808981,0.4291174459230448490210108,0,0,0,0,0,0,0,0,0
1403636663228555520,6.386191462924204031992303,-4.019143115297999280244312,-0.06304575330986980641334583,0.3870891450523374910375196,0.5880987337180425544858053,-0.5689156629536638032362816,0.4250139310985917573404436,0,0,0,0,0,0,0,0,0
1403636663028555520,6.510714208469010166879798,-4.104130767216374486849872,-0.09120984184392885718573041,0.3918855829572413518313567,0.5891739752766542714823572,-0.566877415360065972649295,0.42184086179702756647103,0,0,0,0,0,0,0,0,0
1403636662828555520,6.637130308808479206561515,-4.188282065865208458887992,-0.0978174177674270561855252,0.396352094114510944411478,0.5862053796835953178856471,-0.5670031057415041431113423,0.4216346148035553520472263,0,0,0,0,0,0,0,0,0
1403636662628555520,6.768652171869778300106191,-4.270644797405991788252777,-0.1038464538528268699124624,0.3983506766856911296414978,0.5816920693628424565702062,-0.5702075031983285802184014,0.4216805403629080850613775,0,0,0,0,0,0,0,0,0
1403636662428555520,6.904030830594412471157284,-4.351675822493686673908542,-0.1308678079832060747733635,0.3965195534473877625458726,0.5802139553035626784449619,-0.5766461844971050298980231,0.4166571584766191604920493,0,0,0,0,0,0,0,0,0
1403636662228555520,7.044857686590623835343195,-4.433556272119326457925581,-0.17469499699051302399333,0.3922957154301219273584422,0.5828280753075287812237093,-0.581745535497852017670084,0.4098629505295738328918276,0,0,0,0,0,0,0,0,0
1403636662028555520,7.192111564103149667914749,-4.522926601162864379546136,-0.2071645413630452681186256,-0.3871283471427108269224959,-0.5839277250300780597314088,0.5855627088164414573157046,-0.4077699950012286245204507,0,0,0,0,0,0,0,0,0
1403636661828555520,7.340161679786540105396853,-4.631796135620754206740912,-0.2100753785339045387470236,-0.3874945404134627624515019,-0.5772627851360248030232469,0.5836004274032282612694189,-0.4195547630304395370082204,0,0,0,0,0,0,0,0,0
1403636661628555520,7.483159129390465125197807,-4.747794546386235658985697,-0.1798305526789516495256294,-0.3906468589541444158541594,-0.5719266556334142714845825,0.5760456706137635496389748,-0.4341270753274650839870219,0,0,0,0,0,0,0,0,0
1403636661428555520,7.619320887588601820539225,-4.863124328315107547382468,-0.1306845570675500833868199,0.3873943404752964170256746,0.5775984655699890613078651,-0.5704146762614941135183244,0.436958504488011378885659,0,0,0,0,0,0,0,0,0
1403636661228555520,7.756459681566340691460937,-4.973743352162496300650218,-0.09332319923365298142137192,0.3881191162716421394485167,0.5839531418510968130419769,-0.5584106059064275484615791,0.4433281797020901526806824,0,0,0,0,0,0,0,0,0
1403636660928555520,7.943395759226885566306464,-5.117034705234226876768844,-0.0721934940415694531568036,0.3911722874931059523717636,0.5906342184698529784725451,-0.5438561766924667750799927,0.4498398832288764137565806,0,0,0,0,0,0,0,0,0
1403636660628555520,8.114526393099318113399931,-5.225579448537974514010784,-0.08964353712248637751081048,0.3840648996170271112227113,0.595939602934833834169126,-0.5529812587913037758013957,0.4376778152495516271969223,0,0,0,0,0,0,0,0,0
1403636660328555520,8.282994462718017203428644,-5.315057629788909387968943,-0.06209005950103763105119015,0.3815407128340897457974279,0.5954475521741204868675368,-0.5612025353887361012183987,0.43002396599859094017404,0,0,0,0,0,0,0,0,0
1403636660028555520,8.451430800804700993467122,-5.420856537444104894518659,-0.05995964281916238425296228,0.3718320062756417243576834,0.5868656318451980213879438,-0.568973791128900896474363,0.4399983116744580202706061,0,0,0,0,0,0,0,0,0
1403636659728555520,8.577548529709410729537922,-5.515015231950688878725941,-0.07044118720918608744785416,0.3614148919163041040469864,0.5772229501229658721328519,-0.5718308738062103380173085,0.4573864815607174283407232,0,0,0,0,0,0,0,0,0
1403636659228555520,8.656582106342357363359952,-5.630048303767875239600471,0.03800014377198291520842943,0.4042365962312768901121274,0.6092081414223993185430572,-0.5214682962166478086274424,0.4399193457134204510161624,0,0,0,0,0,0,0,0,0
1403636658728555520,8.783808914782317955882718,-5.616103688778408375981144,0.1523190749165890811589463,0.3703241573332265446083511,0.6177509343652711759631302,-0.5377447189688114859151824,0.4382629562345238816156723,0,0,0,0,0,0,0,0,0
1403636658228555520,8.956440402097779696077851,-5.58899845032152242652046,0.1396552961536677295306674,0.3707761080845990431242853,0.6232687158406921001940759,-0.5323136200904241555065255,0.4366959988300326278576335,0,0,0,0,0,0,0,0,0
1403636657828555520,9.117340298630953299152679,-5.568596267963772383779997,0.1519342434948598163924061,0.3634005406127424064877118,0.6223145527700901791234855,-0.5322041231298170194108366,0.4443235485730548939287132,0,0,0,0,0,0,0,0,0
1403636657428555520,9.278304336549116015930849,-5.556385095744754920588093,0.165388295540448121423438,0.3474723006447469897395308,0.6376146619080075295116217,-0.5370897737974811292360755,0.4292378339414577026467157,0,0,0,0,0,0,0,0,0
1403636657128555520,9.42075026890916689126243,-5.606254366774885866675504,0.2257004068207071334484226,0.3427967325794392117188636,0.6362504845554145527231071,-0.5396772663624341825894248,0.4317686524140340598165722,0,0,0,0,0,0,0,0,0
1403636656828555520,9.560318555824650843533163,-5.699050027644018356909328,0.2669226117201158876568456,0.359477069940582094620396,0.6179042263444260996152479,-0.5314645387860956748937724,0.4544403671170869629669653,0,0,0,0,0,0,0,0,0
1403636656528555520,9.688698011655814568143796,-5.796158696794808662389187,0.2384653470507572259329265,0.3636016775015964430650683,0.6145635087804968144098439,-0.5364181196547728180945569,0.4498456565306229726353138,0,0,0,0,0,0,0,0,0
1403636656228555520,9.809614414220748201955757,-5.893609072502216328359737,0.1444480484016125443336165,0.3681935754244473613105981,0.621040606423650665135483,-0.5406237935333807476112611,0.4318193720233990950951863,0,0,0,0,0,0,0,0,0
1403636655928555520,9.945819990666416643421144,-6.012646219724460117106446,0.06866894961294524313277776,0.355208292846453110858107,0.6239981561382085262223995,-0.5325602595386716986425313,0.4481438829096378584360139,0,0,0,0,0,0,0,0,0
1403636655628555520,10.07072943381852070388049,-6.135355951080193825930564,0.06202240588305437535288078,0.323569298667398141944318,0.652006389481444292854917,-0.4856298049642935321656978,0.4841015075018891833380508,0,0,0,0,0,0,0,0,0
1403636655328555520,10.17036258910647106290526,-6.2493924692905542528365,0.1165622837976803966020256,0.2927785437353842556973404,0.6932195845541071488327134,-0.4234145363054531707724948,0.5044278564513033913385698,0,0,0,0,0,0,0,0,0
1403636654928555520,10.27625889384899693368425,-6.386949368639009527726103,0.104976548743137915176149,0.2741755701842132908474525,0.7153068685389007974606557,-0.3931468901056012210659674,0.5085266594147526131308723,0,0,0,0,0,0,0,0,0
1403636654528555520,10.38708339763603483163479,-6.534550705342716092616229,0.1405501246111121871340544,0.2624006409171187881312903,0.7299779237013167554337656,-0.4028177059162191264718444,0.4858148107616671595998525,0,0,0,0,0,0,0,0,0
1403636654228555520,10.50230902189902515431186,-6.682590888749807334079378,0.1728489369893721483428806,0.2721302454570233564368209,0.7165420104640111143012859,-0.3761513932487978162377829,0.5205985075897562319724443,0,0,0,0,0,0,0,0,0
1403636653928555520,10.6188196026062744437013,-6.810260155401466342084404,0.1144396738595498536072981,0.2600881543982745403020829,0.7239467223898704562046191,-0.3480920092596027082265664,0.5358052334312123354820301,0,0,0,0,0,0,0,0,0
1403636653528555520,10.76422987889231031033432,-6.912255170579709506739619,0.04228431107964961827017092,0.2465828664036022188632558,0.740361101942891175475836,-0.3058792561240827323487679,0.5454357976875640057201622,0,0,0,0,0,0,0,0,0
1403636653028555520,10.92645234198167791817013,-6.914906233527077006328909,0.07789865515564782516566567,0.2285631144905302669645408,0.7479026654067983947982157,-0.3112735620651208012787947,0.5399159891419098578069224,0,0,0,0,0,0,0,0,0
1403636652628555520,11.05001063219663492986911,-6.839369481375427106684128,0.03680796183224706308312335,0.2319313304865171787572109,0.7413501370168952275818697,-0.3026263393771912446617023,0.5522908029280824138140815,0,0,0,0,0,0,0,0,0
1403636652328555520,11.12426288425078446664429,-6.715636477125517700415003,0.01259802405506904067478136,0.1978325374671387748559681,0.7452464387224094766182247,-0.3085322858200965079333855,0.5570259072049570381324202,0,0,0,0,0,0,0,0,0
1403636651928555520,11.14725501986198530346428,-6.545777544587419782828874,0.03372394354815848316331284,0.1825245157122156181017658,0.7597160576342191218301991,-0.2862697022220798692693222,0.5545863057508927385086395,0,0,0,0,0,0,0,0,0
1403636651528555520,11.11395047816876591184609,-6.388939036100234503123829,-0.009915593236262001605729743,0.1863909076880368720363634,0.7626353786192178185743273,-0.2832582562299895689861273,0.5508270773002158504638714,0,0,0,0,0,0,0,0,0
1403636651228555520,11.06231913498105079440847,-6.261304288990442223905575,-0.06885120907298698800236281,0.1899940428672254044695222,0.7620835844720899032722627,-0.2794436048632831792737363,0.5523062064237114210385471,0,0,0,0,0,0,0,0,0
1403636650928555520,10.98697702362941797105123,-6.121775949577085818020805,-0.06841088527212547953926247,0.1982828921675304778560189,0.7648407472502293247273997,-0.2747016827362280255719895,0.5479429819983784311077102,0,0,0,0,0,0,0,0,0
1403636650628555520,10.9069365162340581321132,-5.960555156518038799617898,-0.08223046740391053155416756,0.1824160847479564806494778,0.7583323057060865624023904,-0.2882665242513518522038396,0.5554807801749415130387888,0,0,0,0,0,0,0,0,0
1403636650328555520,10.78759128876834161303577,-5.795098298002472780865446,-0.1495444915150202502829302,0.1867137040957670968133186,0.7555983937639001446484599,-0.2882301259437256013562489,0.5577924834046410484944545,0,0,0,0,0,0,0,0,0
1403636650128555520,10.68560733044480848263902,-5.684634053612070303529435,-0.2071324757856176090875522,0.1964848426513779167112972,0.7693485906805476171044234,-0.2821005268476947103195585,0.5384382465783532634162611,0,0,0,0,0,0,0,0,0
1403636649928555520,10.58244741809816247268827,-5.566868743340664948959784,-0.2319520348682654609095977,0.195460489744967796932329,0.773078125559158446655772,-0.2830763022802317285808726,0.5329289031549576671764612,0,0,0,0,0,0,0,0,0
1403636649728555520,10.48478428094029268891063,-5.445347256433044513812547,-0.2205965596016135066292918,0.1962025396415557343399172,0.7614827976684658272787942,-0.2839253131659519868712493,0.5486665005600636080274057,0,0,0,0,0,0,0,0,0
1403636649528555520,10.37916512150352943422149,-5.316851273379598730173257,-0.1873214006841127377001044,0.1930768440757246462435859,0.7612813686063593099362379,-0.2884575727944653222856175,0.5476899111651706286707508,0,0,0,0,0,0,0,0,0
1403636649328555520,10.26469480802505529482005,-5.181311348568057084662541,-0.159329212774152156884,0.1940316657140857270480439,0.7746742362274674498223703,-0.2917273950747012456474749,0.526428216748054511597843,0,0,0,0,0,0,0,0,0
1403636649128555520,10.15725355432275023304101,-5.049363019471798885717817,-0.1387548062160379180873804,0.1898871397255204040988019,0.7846579704881521122317167,-0.2961980573450032627746964,0.5104130232873383965497283,0,0,0,0,0,0,0,0,0
1403636648928555520,10.07120577934198557557011,-4.927628334504453810893665,-0.131350553975014633367735,0.1885138056485224089531272,0.7878443726060402330091392,-0.2944193378085638856944684,0.5070315997620592485262137,0,0,0,0,0,0,0,0,0
1403636648628555520,9.9934978771487461557399,-4.766807911467989988807403,-0.07725795427788502423016581,0.1781032659128344020071921,0.7819961339172274428221954,-0.2778857312670934276432888,0.5287161748687518869616042,0,0,0,0,0,0,0,0,0
1403636648328555520,9.941508244382134762417991,-4.620292186968611325426082,-0.01250359746717671395599414,0.1388879918418581271843948,0.7818819203089505398551751,-0.2387470690169502529620615,0.5589012662822832044895449,0,0,0,0,0,0,0,0,0
1403636648028555520,9.863196626975675229687113,-4.488776768202450639932977,0.0008135731502585985845318883,0.1108131464420571143936201,0.7938142266055148166259414,-0.1903583916015812727007273,0.5668713283992748985795629,0,0,0,0,0,0,0,0,0
1403636647728555520,9.762025159592953471587862,-4.38455695224715569224827,0.01979254790345850306687581,0.1077306192562274972379655,0.7862408497859154632436685,-0.1781515550680892179258308,0.5817915977645370384507828,0,0,0,0,0,0,0,0,0
1403636647428555520,9.603600231801634024009218,-4.284366579788575712939291,0.08036588366396722749041004,0.116298783304300323848679,0.7849581269103236280670899,-0.1785249051347739257522562,0.5817595639488839509567697,0,0,0,0,0,0,0,0,0
1403636647228555520,9.466269541693158373618644,-4.218832469159977449635335,0.09672541006632101590057005,0.1295309507967083162416344,0.7974595518533802440686031,-0.1722817619077669504257244,0.5635592164604019682627722,0,0,0,0,0,0,0,0,0
1403636647028555520,9.324554552603231627472269,-4.136423045712471768808882,0.08312514226033838882212734,0.12681583891134107222598,0.8197389680320550375824951,-0.1752282134993077555851215,0.530321450145848083401745,0,0,0,0,0,0,0,0,0
1403636646728555520,9.173775660506942486449589,-4.010341612243140119176132,0.1033944364228968626484573,0.1230534021361705254715702,0.8222211840263971005526855,-0.1746304626664793580026469,0.5275551025910325542156443,0,0,0,0,0,0,0,0,0
1403636646428555520,9.097772842480214450233689,-3.885608185506314260493355,0.1972706409364168855802291,0.1160498359840851645419235,0.8032876206994974399577814,-0.1676726788968145309688396,0.5595956636273846651619124,0,0,0,0,0,0,0,0,0
1403636646128555520,9.030397486694555553299324,-3.760100215914656374138758,0.2750224657135761363591087,0.07715133719167080461609487,0.7912078396995503304367503,-0.1697890899755721549890808,0.5824169387069497716424848,0,0,0,0,0,0,0,0,0
1403636645828555520,8.911909160809029728511632,-3.664127000721745019973241,0.2899550593136236420477303,0.07918600017011018232793162,0.801585438644734082913601,-0.1618603005151977303199828,0.570080349641099770607866,0,0,0,0,0,0,0,0,0
1403636645428555520,8.735764735085814081116951,-3.596277443722238231771371,0.2659353397099902260869442,0.1063520683536753608233738,0.8202189464191055323638579,-0.1477246982131684149841533,0.5423168179485642337311901,0,0,0,0,0,0,0,0,0
1403636644628555520,8.655356769835892194464577,-3.480623927180430232652952,0.318360589843968866397006,0.09753088007918944701835073,0.814234014655577209573778,-0.146554581467102179592743,0.5532019987851115594423845,0,0,0,0,0,0,0,0,0
1403636643728555520,8.757438787559868487164749,-3.390621986652392561012448,0.4370465810291737640547183,0.0634457029379980746996992,0.8247944332744353568287465,-0.08380489942919822077271874,0.5555767493783987376332334,0,0,0,0,0,0,0,0,0
1403636643028555520,8.850541063223385407354726,-3.286584937731747313449659,0.528552657055693764220905,0.02556077025733386257067004,0.8284598268720557712185837,-0.05901266825175918717683032,0.5563438390678763223462511,0,0,0,0,0,0,0,0,0
1403636642428555520,8.993737215355270819827638,-3.221047727416630035435219,0.6101165769793412962940238,0.03610287489384026576866304,0.8123595009315250914383455,-0.04712091464889670011650935,0.5801277816768772854771896,0,0,0,0,0,0,0,0,0
1403636641928555520,9.110498410560376569833352,-3.154310301606623845316335,0.5430742144574914886945294,0.0351453798220258684104067,0.817717891446969269431122,-0.04479320933659136638738119,0.5727964915063784578919126,0,0,0,0,0,0,0,0,0
1403636641428555520,9.232596279440485886880197,-3.038340014992577220453995,0.5820664548414324901415284,0.02046124157157140285856478,0.8023967108969317640898566,-0.05609491937847119885640623,0.5937964431983896451683336,0,0,0,0,0,0,0,0,0
1403636640628555520,9.239816743516657382429003,-2.87291572830476882316475,0.5589983146906412070364922,0.0145851593884127345851498,0.8078989283571570423347907,-0.05536754167702857137856043,0.5865330596084201708606543,0,0,0,0,0,0,0,0,0
1403636640228555520,9.166395141320561990028182,-2.833867416318144982767535,0.3997616169957854959093879,-0.011169670849680122734493,0.8109334994401082852277796,-0.04735355746016780414953118,0.583112114892836208568383,0,0,0,0,0,0,0,0,0
1403636639928555520,9.089290279946181883019563,-2.870869562766853899660191,0.2819113371261777190035502,0.008176267531953553338586183,0.8245894806311467872816934,-0.01830547708393659087078298,0.5653761991722245916491829,0,0,0,0,0,0,0,0,0
1403636638928555520,8.943358980168385485853833,-2.915331950231410562679457,0.2374914029289747763318275,0.003700640238866877065188055,0.8120215355172420990115256,-0.007492850731779560242984406,0.5835676381585549465924601,0,0,0,0,0,0,0,0,0
1403636638528555520,8.841848347883201952868149,-2.877110017296938160313857,0.3461841995835097107736544,-0.02859709714849715395112995,0.8127091519181653955783418,0.04232077850545195446541058,0.5804265604965269664816674,0,0,0,0,0,0,0,0,0
1403636638128555520,8.724143381419576570579011,-2.827232844222054009009071,0.4421421652949948932764812,-0.04478661045073389218584836,0.8114185297437486177329902,0.07558480794549771175638853,0.577824424821822613118627,0,0,0,0,0,0,0,0,0
1403636637728555520,8.577391623257932806723147,-2.745390438029127189167866,0.4583475877660693753590238,-0.067202484860507338826352,0.8091517664026340872496235,0.1045732560274603983874186,0.5743010352418717046063534,0,0,0,0,0,0,0,0,0
1403636637428555520,8.454303838208188537350907,-2.657681373758409293373006,0.4201413696296265043450546,-0.08511981934449043551982328,0.8070969727166065199597256,0.1180220359732690599274818,0.5722061621576399748079211,0,0,0,0,0,0,0,0,0
1403636637128555520,8.319090981241007654034547,-2.564335037394815941524939,0.3867447151471165578406897,-0.09570266382488240575199256,0.8074381746903818157790056,0.1087370935909523494977691,0.5718923313586906642669305,0,0,0,0,0,0,0,0,0
1403636636828555520,8.177849948162243975957608,-2.489571407180750206578068,0.3396889850167924551627152,-0.09960681653112364586366567,0.8110447971598340188847942,0.1044279433628742814743617,0.566903540071411971013049,0,0,0,0,0,0,0,0,0
1403636636528555520,8.034475779862647826234934,-2.434957573533168773138868,0.3559802258705376809544418,-0.07825184503982850203751553,0.8214885326883962779476178,0.1185547556896409948645754,0.5522481410676709501217374,0,0,0,0,0,0,0,0,0
1403636636128555520,7.879644242453474944909431,-2.327582095492094271804717,0.3919252369366399424421843,-0.08316188731559830127348931,0.8091840551976220430319131,0.117732080370101466204602,0.5696002304807885607829121,0,0,0,0,0,0,0,0,0
1403636635828555520,7.76161890909395246751501,-2.236512144410400804162009,0.3603349078004347005865782,-0.08663945453186359946240458,0.8066990814591665781563279,0.1190654938540645774169846,0.5723229901590934920463383,0,0,0,0,0,0,0,0,0
1403636635528555520,7.624392720231803366459644,-2.133020018152829599955567,0.339639092972438549900005,-0.09049924002554964042044361,0.8084034163948856654968722,0.117358779065452972778516,0.5696672018750433830192037,0,0,0,0,0,0,0,0,0
1403636635228555520,7.483035094591207858627513,-2.027014052718907333172638,0.3393986100858732424256914,-0.09378594504748016813522327,0.8085228885595959757992546,0.1159531249120764884175117,0.5692537290259260807090413,0,0,0,0,0,0,0,0,0
1403636634928555520,7.334365791130823986065934,-1.925532249144420005038114,0.3419326475311845747739881,-0.09242360316223385829914605,0.8098827434870006225509087,0.1158545785248168008552128,0.5675610416645211486752487,0,0,0,0,0,0,0,0,0
1403636634628555520,7.17790064416752837672675,-1.831975777709230701617571,0.3649205051603252036862557,-0.1001009920338484793234102,0.8097940521863256080337123,0.1121044580340518903582847,0.5671384089676714257421963,0,0,0,0,0,0,0,0,0
1403636634328555520,7.010093205893987544641277,-1.750376249780704274172649,0.387230608529510189619316,-0.09356467050989607237010404,0.8029403059520198171483685,0.1160744316591919983450154,0.5771128518973104304379262,0,0,0,0,0,0,0,0,0
1403636634028555520,6.83029057244222581601889,-1.682105401872114436301331,0.459381572271737315116269,-0.10623026074832839227291,0.8125641125860693092519682,0.1076645619716142532329428,0.5629058862136870899917085,0,0,0,0,0,0,0,0,0
1403636633728555520,6.639623222328181029183725,-1.640026844400722216832378,0.5028987866176829468756182,-0.1006194340882392290748015,0.8130884791560164526202925,0.1141962493817542806384679,0.5618915119261538304584747,0,0,0,0,0,0,0,0,0
1403636633428555520,6.45225188813328554005011,-1.615646540015166721104833,0.5017552368324670331034554,-0.09561548610501495459867982,0.8120655430149398279482398,0.1205546485324306832387364,0.5629154549148344122144749,0,0,0,0,0,0,0,0,0
1403636633128555520,6.269165270091598074486683,-1.603797922762611571911862,0.5261144753903974624620332,-0.1048269232786983584659879,0.8152799145638506272959489,0.1161492884200237274416878,0.5575296582821444024702373,0,0,0,0,0,0,0,0,0
1403636632828555520,6.097321411421006587261218,-1.601709633013734812578832,0.5352503239075250274225937,-0.09122036310633802047576069,0.8100778437132152287603049,0.1285947103752105025176178,0.5647266001732264006918172,0,0,0,0,0,0,0,0,0
1403636632528555520,5.93832064821007410415632,-1.593542400039696937952272,0.4953423506672208209700159,-0.09351611313096794275701029,0.8089931353960457816043572,0.1280798942411412733033416,0.5660215403658497290706464,0,0,0,0,0,0,0,0,0
1403636632228555520,5.762414885311806678203084,-1.588874357663036862575723,0.4951180662582521097014876,-0.1029027721787963423061285,0.7988323601666517115305055,0.1220951463633948713694011,0.5799747020888040838215716,0,0,0,0,0,0,0,0,0
1403636631928555520,5.564873464837387651016343,-1.596573100852921145431651,0.5397518809337736866993396,-0.09106148642131516035558292,0.8112568369747797936142319,0.1290620824477207162495063,0.562950378831628572839918,0,0,0,0,0,0,0,0,0
1403636631628555520,5.359768227531181317147002,-1.601689879620673107041284,0.5603679566314464510767834,-0.09049694531749655213026529,0.8105484797943331987113424,0.1272953334658067370277479,0.5644620118919667639545423,0,0,0,0,0,0,0,0,0
1403636631328555520,5.155553057627637159043843,-1.598662782805436499700136,0.580727811498084833807809,-0.08168147228023714401246025,0.8031963934407871930076794,0.1291181718229659491914418,0.5757883190504479165028329,0,0,0,0,0,0,0,0,0
1403636631128555520,5.004523392680171767210595,-1.586664448511220681936607,0.633135713145504763765814,-0.07211554964096168751641613,0.7987234158187064281264611,0.1345316626349286615038636,0.5820150206580251284194105,0,0,0,0,0,0,0,0,0
1403636630928555520,4.832973730083169883187111,-1.557730706441853296695399,0.6788566207748801817345452,-0.09660971245364703696711928,0.8084042816260310626574892,0.119044414312971025271537,0.5683111017120869856711352,0,0,0,0,0,0,0,0,0
1403636630728555520,4.653842944697816896848508,-1.530197253592290751456062,0.7049694681333992241079045,-0.09756085704533264124638237,0.8152358464272334570566159,0.1212130770405047686111288,0.557834907322072637292365,0,0,0,0,0,0,0,0,0
1403636630528555520,4.474719258471043126235145,-1.507929837260371330742714,0.7111665844487863319400844,-0.09997372684864101743951181,0.8193242454112420469769518,0.1227907712162022713098253,0.551031270732816436108692,0,0,0,0,0,0,0,0,0
1403636630328555520,4.305681467055117117581631,-1.483311442985817407702598,0.6925463570485287378986072,-0.1014676115135053902083229,0.820095117278301199981172,0.1239347923595817413389142,0.5493527916310440017966243,0,0,0,0,0,0,0,0,0
1403636630128555520,4.150126227874477713442047,-1.463020331846522692487156,0.6537151755241190631551262,-0.09844283544264714747029643,0.8191068232942887439307356,0.1267225328986270049824725,0.5507398840092364578069351,0,0,0,0,0,0,0,0,0
1403636629928555520,4.003166030686381660075313,-1.441126144048177737388983,0.6195248873589690452590162,-0.09506881825159448073936375,0.8154801417880197522691788,0.1271075731019414567501968,0.5565947565381579309473636,0,0,0,0,0,0,0,0,0
1403636629628555520,3.79265765949765265574456,-1.400727565442356326030904,0.6253150793105937133020689,-0.09034121874739550750454953,0.8113952998320841381030277,0.1232692088531772561799116,0.564163835915019729050357,0,0,0,0,0,0,0,0,0
1403636629328555520,3.577180579012733563359916,-1.356781189446335744719363,0.6260246286974956442250573,-0.08767433179828594547178255,0.8110670875347806285660113,0.1166264822536605128000531,0.5664641689451410666578113,0,0,0,0,0,0,0,0,0
1403636629128555520,3.423868878284956451807375,-1.329897056240233910173743,0.6295326818857807094076406,-0.09350723221590614975262667,0.8175838779674412526432548,0.1077123385654173842729264,0.557862933104368963199704,0,0,0,0,0,0,0,0,0
1403636628928555520,3.277319020647483149843993,-1.308109975604068608845409,0.6117427789675220495269059,-0.09846270998478323654978794,0.822818001862335446361385,0.1032733212019783380908322,0.5501002196705973013024504,0,0,0,0,0,0,0,0,0
1403636628628555520,3.092911598414799012601861,-1.290613870856192058056422,0.5627005744790093411111798,-0.08860477271882610805775471,0.8227313146152804845812057,0.1097413246072505704775679,0.5506534480744705861710031,0,0,0,0,0,0,0,0,0
1403636628228555520,2.889377602190849270158424,-1.273489313403898925969315,0.5695955975113782265850659,-0.07616030088656193519636162,0.814869314051119508768295,0.1127313742528522205743613,0.5634529677318149687437199,0,0,0,0,0,0,0,0,0
1403636627828555520,2.701674814981916306066978,-1.229388090084014395486633,0.580176162965725938924777,-0.0905798455163483728913576,0.8153679054580975638089058,0.0971857002072700482120382,0.5634939307661904761559413,0,0,0,0,0,0,0,0,0
1403636627428555520,2.52173440333102982791047,-1.211124382836016089015629,0.5536092284449656286682284,-0.07301811833413082708510444,0.8159119638760722326153996,0.1103634396266886807946861,0.5628285109983326428562123,0,0,0,0,0,0,0,0,0
1403636627028555520,2.353176486300443404076077,-1.177607997676468176706521,0.5886494450909415254713508,-0.06795434428486223088494711,0.8184078595223603924679878,0.105582633256141658617544,0.5607522537801717943395374,0,0,0,0,0,0,0,0,0
1403636626628555520,2.200452320373348591431295,-1.092805193000408570114246,0.563325881400958516920241,-0.05481775086537837848865706,0.8179229923297645088453578,0.094714342487588421004574,0.5648240311243220013182054,0,0,0,0,0,0,0,0,0
1403636626328555520,2.086478012467904985527412,-0.9929471016742530409260326,0.5231718630805953784701501,-0.06003500070818695855123792,0.8137398647596031375783809,0.08998225972052652232857639,0.5710747973134332466926821,0,0,0,0,0,0,0,0,0
1403636626028555520,1.966684194113443417961662,-0.8683952362815156034159259,0.5161362246365831518701839,-0.0685314104849901462035433,0.8144208223922100309266625,0.09104399959007264397925496,0.5689755354754516547544085,0,0,0,0,0,0,0,0,0
1403636625728555520,1.845446954113820536846902,-0.738181772091138665992105,0.4860214717371253434485823,-0.08095300166395109908723526,0.8138860869988382429340845,0.08851691436698860826481905,0.5685075239451657935774165,0,0,0,0,0,0,0,0,0
1403636625428555520,1.730407747390507289253492,-0.6202556043714243516618012,0.4341585765952741815532079,-0.09003634829123641214465579,0.8158557232000908099323055,0.0863683324228748661166577,0.5646356400923764340404887,0,0,0,0,0,0,0,0,0
1403636625028555520,1.581458667148204932928479,-0.4912706490396782643692575,0.3575252029939663400703864,-0.08101426685292621721057316,0.8208082932025754230309644,0.09382485932914648441016681,0.5575906474718025362946605,0,0,0,0,0,0,0,0,0
1403636624628555520,1.471363878713271233777959,-0.3861395783604946729816731,0.3496806543539108247387048,-0.06835024065429767814450202,0.8144526157928224652238214,0.09957236850212071443966266,0.56752138696405696194347,0,0,0,0,0,0,0,0,0
1403636624228555520,1.354585708197823201714982,-0.2598777285222121369301362,0.2720428782623563468412442,-0.06843886259644453573525169,0.8115945410163588613627894,0.09096344599702375910421637,0.5730236247933392368381078,0,0,0,0,0,0,0,0,0
1403636623828555520,1.228141827285780696144002,-0.1244277978120198469014213,0.2819526479087856585259431,-0.0634693039733386227263523,0.8136180064693318003676836,0.09107451957925256913473078,0.5707037925977175296665678,0,0,0,0,0,0,0,0,0
1403636623528555520,1.127951500137828411141072,-0.01157749156886971227120586,0.3552458744122121703234995,-0.0785316414849790978003341,0.8135851156490468971682617,0.09014111791846549093243368,0.569022512507555311422891,0,0,0,0,0,0,0,0,0
1403636623228555520,1.020555676430669356236081,0.1078377280305729407627879,0.3721292939593551785115721,-0.07645566948921125871585502,0.8124319282782402895648488,0.09349777859198328544554357,0.5704095527911688945366109,0,0,0,0,0,0,0,0,0
1403636622928555520,0.8985036343536988434621549,0.2207778848696775320092911,0.4076898465221761580501436,-0.07849729285708786918895896,0.8137566529028936734846411,0.09033206659901499291365212,0.5687516176806348688899106,0,0,0,0,0,0,0,0,0
1403636622628555520,0.7771782340962030133368899,0.3336235334681689757019285,0.3995304618669318075241392,-0.0816354123520079688614004,0.8168318088324634240748878,0.0889551311242044728810896,0.5640996722001169194626868,0,0,0,0,0,0,0,0,0
1403636622228555520,0.6319041855312489408547094,0.4616765581361724768427734,0.3930834296628656354677389,-0.09357191286115393302758036,0.8199421938241175933370641,0.081884075529340752397367,0.558779110279816193518343,0,0,0,0,0,0,0,0,0
1403636621728555520,0.5154287997886465300112491,0.5552372101280381722077095,0.3663662226374121422267649,-0.07134281633965983138168099,0.8170400256642070813128953,0.08989906311312377551470121,0.5650433235343464977162853,0,0,0,0,0,0,0,0,0
1403636621228555520,0.4229536713629477029385839,0.6433964977323359812899639,0.2716509424793316362922724,-0.06867942056848071186170301,0.8101431121038423777136472,0.07886498228746186001103524,0.5768289084900974916791938,0,0,0,0,0,0,0,0,0
1403636620628555520,0.2829933568909906438371138,0.7305998610554103045444663,0.2521378288763743702460829,-0.1053894389018778521283082,0.8034378680547329398820011,0.1136673017483478681510789,0.5748568542314365092948947,0,0,0,0,0,0,0,0,0
1403636620128555520,0.1665728294616157789675981,0.7296417278790461313775495,0.2025081689934616346882024,-0.1477128258603558896844277,0.8044195991147625734996041,0.1911625377165472317031458,0.5427217646365055658819188,0,0,0,0,0,0,0,0,0
1403636619428555520,0.09189889251008337422987893,0.7030977046488936510471035,0.0718223792864239318767261,-0.1296800404970873954457744,0.8027601540802893342885227,0.1849574591956711366869115,0.5518604537431048839835057,0,0,0,0,0,0,0,0,0
1403636605028555520,0.140628169031429217650242,0.8172769868168242579642424,-0.02648900304957322801580055,-0.1595926527796513172408055,0.7915963726145954781898695,0.1613890085938867458015267,0.5673261460106087117338802,0,0,0,0,0,0,0,0,0
1403636604228555520,0.07923869003688534251583775,0.7655265568532916287125545,0.06482859608559879416311844,-0.1250251385801407488784776,0.8266435427108227429471299,0.1084824348617337425038087,0.5378296471411616597180227,0,0,0,0,0,0,0,0,0
1403636603928555520,0.02162605026513500852680671,0.7065235515312956460221017,0.1332939739356265029801563,-0.07774126578463798342699675,0.853144999339467191568076,0.05181910987765684512007525,0.5132394037364532701772646,0,0,0,0,0,0,0,0,0
1403636603628555520,0.01085496071206273893672289,0.6507518971928749618172105,0.1707281129691681220705846,-0.03579916558854837754788392,0.8842582172862266665092079,0.01937107485352354205310199,0.4652210080853693696667506,0,0,0,0,0,0,0,0,0
1403636603128555520,0.03872401610834223101287321,0.7835957616569049211108222,0.2413321433535578486306861,-0.04019498286773794115678271,0.8919656975528019726695561,0.04608721832488547193174,0.4479481287476039241823855,0,0,0,0,0,0,0,0,0
1403636602828555520,-0.09290754683404402192170579,0.9138422196558156906931458,0.2621479829624094315398963,-0.05365983570112440453891978,0.887283555516956257136485,0.06242020190232010212749714,0.4538196035168494679723494,0,0,0,0,0,0,0,0,0
1403636602428555520,-0.2830041968590356615820269,0.932290963254248095104515,0.2589722135410308934133639,-0.05215809031949945884232278,0.8973277281810951855334224,0.003248393116753222134573953,0.4382601165902921258599179,0,0,0,0,0,0,0,0,0
1403636602028555520,-0.3146230763608099945116692,0.7880065045526435385525588,0.2514676591718456588608888,-0.003543503825155773934857395,0.9115697532388434831673862,-0.06835528664925091812953895,0.4054079221571945113034019,0,0,0,0,0,0,0,0,0
1403636601628555520,-0.1553916797973296792800824,0.7423200813030997879948814,0.2278284613218645726639977,-0.0166498851515625850838731,0.9053754876129000983553397,-0.03840145208483995709070058,0.4225438867525111441558749,0,0,0,0,0,0,0,0,0
1403636601228555520,0.02579402227460219840238231,0.8070244023119891307871399,0.2118415868797896839392791,-0.07250408170936795126948482,0.910008234108852454014027,0.02479374958855327243378852,0.4074474714253477070080578,0,0,0,0,0,0,0,0,0
1403636600928555520,0.1215688948969658594867482,0.6860994939840612261150454,0.2074517756662927758792847,-0.05217985601887196317472117,0.9002883238643766272701896,-0.002055310775606601376291893,0.4321504046474293758706153,0,0,0,0,0,0,0,0,0
1403636600628555520,0.1040915036561730067088405,0.5231465732224974685138363,0.1920964960528676879203402,0.0008888932237038701814416108,0.8958896712058304068193593,-0.06879598671879963434072636,0.4389168703831430873307795,0,0,0,0,0,0,0,0,0
1403636600228555520,-0.06143896961462520789343245,0.4784772155903108670216284,0.165036468632328237049478,0.02725310074860914227867781,0.9084543621314298267321874,-0.1310959915645470152956165,0.3959567923646108433821666,0,0,0,0,0,0,0,0,0
1403636599928555520,-0.1841403294523152600614679,0.5950539939325366622924207,0.1504793344388420106572113,0.02165858949312216008564747,0.9116916496482638798681819,-0.1217335873901158743715101,0.3918292678755997959783031,0,0,0,0,0,0,0,0,0
1403636599628555520,-0.2265034102157676143551868,0.7781432892501440878874064,0.1292873952568011908237366,-0.02989658599576838077238605,0.9218011555578849991476886,-0.06941499610283065335725183,0.3802241208471520139688948,0,0,0,0,0,0,0,0,0
1403636599328555520,-0.1573258705020143533026555,0.930389824865620274074729,0.1381548052799508596866218,-0.0681821710377173706429943,0.9259849571841816118222823,0.01107527015653917562554298,0.3711878082752078089612269,0,0,0,0,0,0,0,0,0
1403636598928555520,0.03629054673516697582247303,0.954708849737987419459273,0.1578886360435346747355112,-0.1081700070480532266392615,0.9115186048976823274259118,0.07884937834875503648301986,0.3888648326020519574441892,0,0,0,0,0,0,0,0,0
1403636598628555520,0.1503466650680020388897162,0.8152977845295434899952625,0.1692618936544895980045311,-0.07057245754411567428832086,0.9022181172988461561601525,0.04826300955282075699770417,0.4227205684170263211285601,0,0,0,0,0,0,0,0,0
1403636598428555520,0.1559956525291331663751748,0.672594232201278452443205,0.1706040794261500237460893,-0.02936090540752030880744528,0.9011121834028797961124724,-0.01851053122559783575828973,0.4321945515509093005412922,0,0,0,0,0,0,0,0,0
1403636598228555520,0.09618612133096764160722358,0.544329453798217288706951,0.1711608887214296215173448,0.01922875611969522557931356,0.8977295483065762526919684,-0.09536474831730366863435933,0.4296713602437768897424064,0,0,0,0,0,0,0,0,0
1403636597928555520,-0.06541220652050369621655079,0.4736251018273118784662756,0.1696997780745508332955751,0.06360683832925509428868338,0.8923122495153905653353377,-0.1894629539295085984829115,0.4047675982225414914594808,0,0,0,0,0,0,0,0,0
1403636597628555520,-0.2290817819941945443495968,0.5789338749842979359172546,0.1612022006311668864686482,0.05609028614129633882878778,0.8962006794578899482317524,-0.2282953912017471331807883,0.376243852170165316017858,0,0,0,0,0,0,0,0,0
1403636597328555520,-0.2890560891049288039234,0.738309286771335560040086,0.1627231673470203865417005,0.02369451703950452292612994,0.9013956229279361798134573,-0.194227553861167107074337,0.3862643630335707012335433,0,0,0,0,0,0,0,0,0
1403636597028555520,-0.2252494092533878222717192,0.8723249622280513371208599,0.1519192153471053130520119,-0.03044139256544174318430684,0.9157081759870820958369109,-0.1288033127995044380131873,0.3794226728346121735313545,0,0,0,0,0,0,0,0,0
1403636596528555520,-0.06006206977357664289485228,0.9363293805139295544748279,0.1580451603302349405932858,-0.05237306297922243031317535,0.9158751870130261707458885,-0.04855434418058225676251283,0.3950597166875188248624795,0,0,0,0,0,0,0,0,0
1403636596128555520,-0.03863560793598789372405022,0.8371422273020293625123145,0.1684139404414407292787104,-0.06975916591902284191739625,0.9322527389275379050559422,0.02444580453319621093921654,0.3541763574451449181346163,0,0,0,0,0,0,0,0,0
1403636595828555520,-0.01545064749479049814873122,0.6757951624771861842688736,0.1781661066097308121491949,-0.04983040577020856481960109,0.9332797006671336159655539,0.01018631675512081218026861,0.3555308283882095410355362,0,0,0,0,0,0,0,0,0
1403636594828555520,0.008653478326198031297944446,0.5097066660094325962759854,0.1826109452693423507163573,-0.03031691695389730073495471,0.9346543345589495288550097,-0.0120209965296237727278017,0.3540588299689932383351731,0,0,0,0,0,0,0,0,0
1403636594528555520,-0.01822993675970332669300511,0.6619593313831060310548082,0.1960544761605462205089623,-0.0465809537629052958229714,0.9305483485058397841171995,0.007607483379968119421854489,0.3631144613427231271352014,0,0,0,0,0,0,0,0,0
1403636593328555520,-0.07017469833432919690263674,0.8448933615779044004057141,0.2115974877905995865656763,-0.06352596677723268414617053,0.9238090737315123313067033,0.01960402526460779462635919,0.3770370393340259362879863,0,0,0,0,0,0,0,0,0
1403636593028555520,-0.04380401486050872206234885,0.6756822342764297051331823,0.216830262793816841426775,-0.04144257018260269487264225,0.9297803369206845136574202,0.0009296021894336761780611167,0.365773391995765750905889,0,0,0,0,0,0,0,0,0
1403636591628555520,-0.01469115196969448047803475,0.5098778823109376689970418,0.2230274031941819612434585,-0.02381819339479202685128101,0.9287630647242525183671091,0.002642127142824750481164831,0.3698984758438234599076111,0,0,0,0,0,0,0,0,0
1403636591328555520,-0.06699347999679319820565127,0.6510812557588893101367944,0.2247524190085511408554453,-0.03450363418564603157356885,0.9321363675625035094540749,0.01749818226240012694616688,0.3600348665238914946939985,0,0,0,0,0,0,0,0,0
1403636588928555520,-0.09570045291994731806450858,0.8335516090742172146121902,0.2042322403189271717849351,-0.05312149834598415415465311,0.9303055509700243197457326,0.06082854109768798256396849,0.3577842601844915537689928,0,0,0,0,0,0,0,0,0
1403636588728555520,-0.07529775235684860179574684,0.8375214351727493511390321,0.2135557209769167463786488,-0.06091362062916121089539701,0.8822768102058098360629401,0.0616034400790281197468623,0.4626901524404186116790072,0,0,0,0,0,0,0,0,0
1403636588128555520,-0.02452790554229675873409988,0.839179659844472292107298,0.2254613284276404672201721,-0.055408520464028644669785,0.8461868287868211657709594,0.0447110952581946108352895,0.5281085727466494628146165,0,0,0,0,0,0,0,0,0
1403636587128555520,-0.002279301298094156633805563,0.8553598084759430619783416,0.3846132124455576284383085,-0.06288159178738990384704977,0.8258021416834558925401666,0.03643534222170669023554979,0.5592577170164831912302361,0,0,0,0,0,0,0,0,0
1403636586328555520,-0.008971631524859918424552596,0.8446913940238656159920083,0.1915199703546437426382454,-0.0489172660376621104560968,0.8433501524341019406350028,0.03656936041826969879808829,0.5338822935361092758554946,0,0,0,0,0,0,0,0,0
1403636585528555520,-0.01434460317239379459341997,0.8366636649783411039393854,0.3825852363542173173449612,-0.04597727548093766963832607,0.8430253471026536438159837,0.04988453448388961014581255,0.5335783799041392549966645,0,0,0,0,0,0,0,0,0
1403636584728555520,-0.01391865341914834755532304,0.8413424561938468437816141,0.1878335769838375135520891,-0.0433455938224906398015257,0.8353746683121435756547157,0.05049430373344519079603643,0.5456378362329966646981916,0,0,0,0,0,0,0,0,0
1403636583928555520,-0.002915847128678328032541645,0.840405826788461984833134,0.3491865345371915063665824,-0.05022953599420579284817734,0.8374308391311697796766111,0.05805375091120958119805806,0.5411250737038626468233815,0,0,0,0,0,0,0,0,0
1403636583228555520,-0.01820911769998713111706756,0.8462663370547277574829081,0.1338234148317877236777917,-0.06825773041352593828445805,0.8460811827458266654033991,0.05681628652816363839184177,0.5256038660696547015760416,0,0,0,0,0,0,0,0,0
1403636582428555520,-0.01109833980647814168085663,0.8410086109230866524555381,0.326921364982219853079215,-0.05393216333057007649820491,0.8214256843461329449240793,0.05787350772787634711757931,0.5648024645468922022573111,0,0,0,0,0,0,0,0,0
1403636581628555520,-0.008714951789471410414922303,0.8531949319432420297815156,0.1617807090747030163147002,-0.06847721216755355000405103,0.8369070695871375642482803,0.05561850363359704257915084,0.5401888654372555276239609,0,0,0,0,0,0,0,0,0
1403636581028555520,-0.005859149465654023281047103,0.8776283219263102397533771,0.2992979030360094494511713,-0.01388417099239763058404762,0.8020813537209505739156157,0.03700341506888310538769815,0.5959055957802891212438112,0,0,0,0,0,0,0,0,0
